dataset_name,Arsenal,BOSS,CIF,DrCIF,HIVE-COTE 2.0,HIVE-COTEv1_0,InceptionTime,MiniRocket,ProximityForest,RISE,ROCKET,ResNet,S-BOSS,STC,TDE,TS-CHIEF,TSF,WEASEL,cBOSS,MultiRocket_100k,MultiRocket_10k,MultiRocket
ACSF1,0.8053333333333332,0.7683333333333333,0.7669999999999998,0.7843333333333332,0.8333333333333333,0.8499999999999999,0.8266666666666664,0.8223333333333334,0.6383333333333333,0.7599999999999999,0.807,0.8239999999999998,0.815,0.8383333333333334,0.7976666666666666,0.807,0.6349999999999999,0.818,0.7573333333333332,0.8346666666666668,0.8266666666666665,0.8336666666666666
Adiac,0.7721227621483375,0.7490196078431374,0.7672634270666665,0.8096334185848254,0.7951406649616369,0.7962489343563514,0.8222506393861891,0.8017050666666671,0.7221653878942881,0.7579710144927534,0.7719522591645354,0.8154305200341007,0.7427109974424553,0.7931798806479112,0.7515771526000001,0.7797101449275362,0.7119352088661551,0.7988064791133845,0.7462915601023019,0.8224211423699915,0.8111679454390452,0.8231031543052005
ArrowHead,0.8626666666666665,0.8687619047619048,0.8199999999666667,0.8253333333333333,0.8862857142857141,0.876,0.8803809523809523,0.8809523666666668,0.8836190476190476,0.8281904761904763,0.8590476190476191,0.8586666666666665,0.8878095238095237,0.8066666666666665,0.9005714285666666,0.8811428571428573,0.7967619047619047,0.8483809523809523,0.8779047619047622,0.8960000000000001,0.8937142857142858,0.8952380952380953
BME,0.9975555555555553,0.8657777777777778,0.9968888887666665,0.9995555555555555,0.9995555555555555,0.9822222222222223,0.9964444444444441,0.9922221333333334,0.999111111111111,0.7860000000000001,0.9973333333333332,0.9991111111111111,0.8651111111111109,0.9297777777777778,0.9115555555666665,0.9964444444444442,0.9624444444444447,0.947777777777778,0.7846666666666665,1.0,1.0,1.0
Beef,0.7555555555555552,0.6122222222222221,0.7255555555,0.7911111111111112,0.7966666666666667,0.7355555555555556,0.6822222222222223,0.7611110999999998,0.5944444444444444,0.7422222222222221,0.76,0.6766666666666665,0.6555555555555553,0.7355555555555554,0.6833333333666666,0.6322222222222222,0.6888888888888888,0.74,0.571111111111111,0.7733333333333334,0.77,0.7700000000000001
BeetleFly,0.8866666666666669,0.9433333333333332,0.868333333333333,0.8783333333333334,0.9033333333333335,0.963333333333333,0.8933333333333332,0.9066666666666665,0.86,0.8716666666666666,0.8850000000000002,0.8533333333333333,0.9366666666666666,0.933333333333333,0.9416666666666664,0.9583333333333331,0.8333333333333335,0.8866666666666665,0.9749999999999998,0.8950000000000001,0.8950000000000001,0.8966666666666668
BirdChicken,0.8866666666666666,0.9833333333333332,0.8666666666666666,0.948333333333333,0.9516666666666664,0.9399999999999998,0.9516666666666665,0.9083333333333331,0.903333333333333,0.8683333333333334,0.8816666666666665,0.945,0.9683333333333333,0.8699999999999999,0.9716666666666665,0.9633333333333332,0.8150000000000001,0.8649999999999998,0.9766666666666666,0.8866666666666665,0.893333333333333,0.8883333333333332
CBF,0.9959629629629629,0.9989259259259258,0.9864814815666665,0.9847777777777778,0.9979259259259259,0.9982592592592591,0.996111111111111,0.996222333333333,0.9936296296296295,0.9490370370370369,0.995925925925926,0.988222222222222,0.999074074074074,0.9852962962962962,0.9974074073999998,0.9984444444444445,0.971851851851852,0.9797777777777775,0.9983703703703702,0.9929999999999999,0.9925555555555554,0.9926296296296294
Car,0.9155555555555556,0.8483333333333333,0.8122222222000002,0.8438888888888889,0.9077777777777776,0.868888888888889,0.9011111111111113,0.9211111000000002,0.8055555555555558,0.7533333333333335,0.9116666666666666,0.9083333333333337,0.8594444444444441,0.8583333333333335,0.8700000000000002,0.8788888888888889,0.7661111111111112,0.8344444444444445,0.8433333333333334,0.9227777777777777,0.9183333333333332,0.9199999999999999
Chinatown,0.9678260869565217,0.8770651117589893,0.9631884057666669,0.9799033816425122,0.9735665694849369,0.9627793974732749,0.9649173955296404,0.9689989999999999,0.9480193236714973,0.8885325558794946,0.9668610301263364,0.9701449275362322,0.8791059280855199,0.9629737609329445,0.9554589372666668,0.9618357487922704,0.952964042759961,0.9573372206025267,0.9476328502415456,0.9669582118561709,0.966958211856171,0.9666666666666667
ChlorineConcentration,0.7802864583333331,0.6582465277777778,0.7315798611333333,0.7394270833333333,0.7690190972222222,0.7339496527777777,0.86359375,0.7533507666666666,0.6311371527777777,0.7647569444444445,0.796137152777778,0.8410069444444447,0.6591145833333333,0.7352256944444444,0.6934027778333334,0.660842013888889,0.7230642361111111,0.7548611111111111,0.6649565972222221,0.7825868055555554,0.7622743055555556,0.7807118055555554
CinCECGTorso,0.8656521739130434,0.9147584541062802,0.9872946860333334,0.9939613526570049,0.9982367149758455,0.9937439613526572,0.8327536231884057,0.8757971333333335,0.9376570048309176,0.9474396135265698,0.8641304347826085,0.7678743961352658,0.9426328502415462,0.977777777777778,0.9832608696333333,0.9534299516908215,0.9581884057971014,0.9849758454106284,0.8291545893719807,0.9470772946859902,0.9495893719806763,0.9496135265700484
Coffee,1.0,0.9857142857142858,0.9952380951999998,0.9988095238095238,0.9988095238095238,0.992857142857143,0.9988095238095238,0.9988095333333333,0.9916666666666667,0.9845238095238096,1.0,0.9964285714285716,0.9809523809523811,0.9892857142857143,0.9928571428,0.9904761904761906,0.9869047619047621,0.9892857142857144,0.9904761904761906,1.0,0.9976190476190475,1.0
Computers,0.8422666666666667,0.8005333333333334,0.7731999999999999,0.8166666666666664,0.8585333333333334,0.8110666666666666,0.8656000000000001,0.7938666666666667,0.7142666666666666,0.7789333333333334,0.8429333333333332,0.8603999999999998,0.8200000000000001,0.7990666666666668,0.8181333333333336,0.7538666666666668,0.6487999999999999,0.7785333333333334,0.7788,0.8504,0.8412000000000002,0.8508000000000001
CricketX,0.8335897435897437,0.7623931623931626,0.7626495726333332,0.7727350427350428,0.83991452991453,0.8161538461538461,0.853247863247863,0.8251282333333335,0.8004273504273505,0.706239316239316,0.8389743589743592,0.8081196581196581,0.7841025641025643,0.7920512820512821,0.8142735043666666,0.8304273504273503,0.6927350427350425,0.7757264957264958,0.7642735042735044,0.8221367521367521,0.8152136752136753,0.82
CricketY,0.8414529914529916,0.7504273504273503,0.7783760682999998,0.7990598290598292,0.8504273504273503,0.80982905982906,0.8599999999999999,0.8413674,0.79982905982906,0.709145299145299,0.8450427350427352,0.8101709401709403,0.7713675213675213,0.777948717948718,0.8033333334333332,0.817008547008547,0.6858974358974357,0.7795726495726496,0.7512820512820512,0.8413675213675214,0.8317094017094017,0.8417094017094019
CricketZ,0.8523076923076921,0.7693162393162394,0.7818803417666664,0.7923931623931625,0.8594871794871797,0.8339316239316241,0.8611111111111112,0.8424786999999998,0.802820512820513,0.7216239316239313,0.8532478632478632,0.8132478632478634,0.786752136752137,0.8071794871794874,0.8284615384999999,0.8382051282051282,0.7058974358974358,0.7899145299145298,0.7724786324786326,0.8389743589743591,0.8251282051282052,0.8376923076923077
Crop,0.7449166666666667,0.6856884920634921,0.7673650794333333,0.7772738095238094,0.7638869047619049,0.7681626984126982,0.7931944444444444,0.7522480000000001,0.7531091269841271,0.7300000000000001,0.7516845238095239,0.7638015873015876,0.7077857142857144,0.7367003968253969,0.7249940476000003,0.7621011904761905,0.745593253968254,0.7238253968253967,0.700888888888889,0.7793809523809525,0.7643055555555557,0.7739126984126983
DiatomSizeReduction,0.9592592592592589,0.9452069716775598,0.9215686274333332,0.9145969498910677,0.9223311546840958,0.9142701525054464,0.9506535947712415,0.9428103333333335,0.9567538126361652,0.9321350762527232,0.9579520697167754,0.30620915032679735,0.945424836601307,0.8592592592592593,0.8839869280666668,0.9458605664488015,0.9417211328976033,0.9080610021786489,0.8835511982570805,0.9522875816993462,0.9534858387799563,0.9521786492374725
DistalPhalanxOutlineAgeGroup,0.8167865707434053,0.8206235011990408,0.8187050358999998,0.8215827338129494,0.8208633093525177,0.8239808153477217,0.7657074340527579,0.8038368000000002,0.8021582733812948,0.8215827338129493,0.8115107913669064,0.776019184652278,0.8213429256594725,0.7961630695443646,0.7956834531333333,0.8280575539568343,0.8093525179856116,0.7928057553956833,0.8055155875299759,0.8127098321342922,0.8165467625899281,0.8117505995203835
DistalPhalanxOutlineCorrect,0.8231884057971014,0.8117149758454105,0.8216183575666667,0.833816425120773,0.8283816425120772,0.8235507246376811,0.8155797101449275,0.8213768999999999,0.8234299516908212,0.8112318840579711,0.8243961352657005,0.8091787439613525,0.8109903381642511,0.8272946859903384,0.7664251207666666,0.8193236714975847,0.8057971014492755,0.8192028985507245,0.7801932367149759,0.8421497584541062,0.8384057971014494,0.8431159420289858
DistalPhalanxTW,0.7002398081534771,0.671462829736211,0.6976019185333333,0.6978417266187048,0.7016786570743404,0.6961630695443642,0.665947242206235,0.6959232000000001,0.6920863309352517,0.6944844124700237,0.701199040767386,0.6671462829736208,0.6695443645083933,0.6899280575539567,0.6659472421333331,0.6918465227817746,0.6911270983213427,0.6786570743405276,0.6731414868105517,0.7023980815347719,0.6997601918465226,0.7026378896882495
ECG200,0.8986666666666668,0.8783333333333335,0.8606666666666667,0.861,0.8886666666666668,0.8586666666666666,0.8956666666666668,0.8993333333333333,0.8730000000000001,0.8509999999999999,0.8990000000000001,0.8836666666666667,0.8716666666666666,0.8390000000000001,0.8473333333333334,0.8549999999999998,0.8600000000000002,0.8589999999999998,0.8296666666666667,0.8916666666666669,0.8886666666666668,0.8906666666666668
ECG5000,0.9471333333333334,0.9400592592592594,0.9440666667666666,0.9456370370370368,0.9480148148148149,0.9456222222222223,0.9420518518518519,0.9461332333333332,0.9395111111111113,0.9366888888888891,0.9473851851851851,0.9370222222222221,0.9406962962962963,0.9417777777777777,0.9434222222333333,0.9484592592592593,0.9433777777777779,0.9458814814814814,0.9432148148148147,0.9468296296296299,0.9464888888888887,0.9470592592592593
ECGFiveDays,0.9962059620596206,0.9922957801006582,0.9549361207,0.988888888888889,0.9970189701897021,0.9937669376693766,0.9958575300038716,0.9904763,0.8828106852497097,0.9728610143244291,0.9959736740224546,0.951025938830817,0.992218350754936,0.9778939217963608,0.9845528455666667,0.9944250871080141,0.9519550909794813,0.9935346496322108,0.9839334107626792,0.9948896631823462,0.9945799457994582,0.9951219512195124
EOGHorizontalSignal,0.8074585635359116,0.7067219152854509,0.7712707182666667,0.7959484346224677,0.8154696132596685,0.7956721915285452,0.883609576427256,0.8362799333333333,0.824401473296501,0.6248618784530386,0.8138121546961324,0.8647329650092082,0.7082872928176797,0.7598526703499078,0.7220994475333332,0.853683241252302,0.7059852670349908,0.7473296500920811,0.7204419889502761,0.8676795580110496,0.8555248618784532,0.8664825046040517
EOGVerticalSignal,0.7795580110497239,0.6603130755064457,0.7472375689666665,0.7782688766114182,0.7898710865561696,0.7629834254143647,0.8145488029465929,0.7980663,0.7776243093922652,0.6034990791896868,0.7811233885819521,0.7517495395948437,0.6830570902394107,0.7131675874769798,0.6732044199000004,0.8094843462246778,0.6725598526703497,0.697513812154696,0.6686924493554327,0.8147329650092081,0.7882136279926333,0.8107734806629835
Earthquakes,0.7482014388489208,0.7460431654676258,0.7467625900333332,0.7482014388489208,0.7482014388489208,0.747482014388489,0.7321342925659474,0.7486806666666671,0.7496402877697841,0.7482014388489208,0.748441247002398,0.7170263788968823,0.747482014388489,0.7419664268585132,0.74676259,0.7482014388489208,0.7474820143884892,0.747482014388489,0.747482014388489,0.7486810551558752,0.7479616306954436,0.7489208633093525
ElectricDevices,0.890239052435914,0.7973846885401806,0.8728180521000002,0.8823974408853154,0.8984740414127005,0.8797086413348896,0.8902131154627588,0.8743656000000001,0.8424415337396792,0.8240306056283233,0.8931569619158778,0.8883802360264558,0.8059698266545626,0.8817749535295896,0.8312367613666665,0.8650412830156052,0.7930618596809751,0.8716984394587816,0.8131457225608438,0.8962521073790686,0.8949552587213072,0.9003458263087364
EthanolLevel,0.6203333333333333,0.5087333333333334,0.8036666666666668,0.7749999999999998,0.8355333333333334,0.8490000000000002,0.8754666666666667,0.6640000000000001,0.3240666666666666,0.6610666666666666,0.6252666666666667,0.8525333333333334,0.5056,0.8557333333333332,0.5335999999999999,0.6056,0.6692666666666668,0.7050666666666666,0.4907333333333334,0.7239333333333333,0.6913333333333332,0.7126666666666668
FaceAll,0.9877712031558186,0.9700986193293883,0.9533333334666667,0.9594280078895464,0.9867258382642999,0.9797238658777121,0.9833136094674557,0.9834516666666667,0.977061143984221,0.9648520710059173,0.9880078895463511,0.981854043392505,0.9750690335305722,0.9536883629191324,0.9790138067666667,0.9827218934911244,0.9499605522682447,0.9731163708086786,0.969033530571992,0.9835305719921108,0.9839842209072979,0.9836094674556215
FaceFour,0.9321969696969696,0.9954545454545454,0.9522727274,0.9428030303030304,0.9670454545454544,0.9731060606060604,0.9386363636363636,0.9401515666666668,0.9454545454545453,0.8768939393939394,0.9314393939393939,0.925,0.9818181818181818,0.6564393939393939,0.9890151516000001,0.9996212121212121,0.9068181818181819,0.981060606060606,0.9969696969696968,0.8984848484848484,0.8992424242424242,0.8973484848484847
FacesUCR,0.9719349593495937,0.9513008130081302,0.9090731707333334,0.9151869918699186,0.9746016260162602,0.9613495934959351,0.9768617886178863,0.9686505000000001,0.9560975609756098,0.8919512195121951,0.9712845528455286,0.9642601626016261,0.9569593495934957,0.9100975609756098,0.9617560974999999,0.9729268292682928,0.9039837398373983,0.9561951219512195,0.952471544715447,0.9702439024390244,0.9690406504065038,0.9703739837398372
FiftyWords,0.8217582417582422,0.7058608058608059,0.7632967031666665,0.7715018315018319,0.8257875457875462,0.7716483516483521,0.8268131868131872,0.8290109666666667,0.8259340659340663,0.6665934065934066,0.8250549450549455,0.7239560439560441,0.7650549450549454,0.7365567765567769,0.7965567766333334,0.842710622710623,0.7216849816849817,0.7769963369963374,0.7178754578754579,0.8419780219780223,0.8337728937728941,0.8401465201465205
Fish,0.9771428571428573,0.9697142857142859,0.9274285714333336,0.942095238095238,0.9822857142857141,0.9794285714285712,0.9725714285714285,0.9750476666666668,0.9339047619047618,0.8590476190476191,0.9740952380952381,0.9699047619047619,0.9712380952380955,0.9499047619047619,0.9794285714333336,0.9815238095238095,0.8304761904761905,0.9508571428571432,0.9744761904761903,0.9836190476190476,0.981714285714286,0.9834285714285715
FordA,0.9438131313131314,0.9213636363636365,0.9083080809333334,0.9670202020202019,0.953989898989899,0.9441161616161615,0.9591414141414144,0.9481819333333334,0.8500252525252525,0.9400252525252525,0.9424494949494949,0.9315151515151515,0.9075757575757577,0.9342424242424242,0.9331313130666667,0.94739898989899,0.8157575757575757,0.9686868686868686,0.9157323232323229,0.9580303030303033,0.952828282828283,0.9560353535353537
FordB,0.9195884773662552,0.9074485596707818,0.8836213991000001,0.9213168724279835,0.9303292181069961,0.9280246913580249,0.9409053497942388,0.9267901333333332,0.8393827160493826,0.9173251028806585,0.9230041152263376,0.9127983539094651,,0.9198353909465022,0.9146502057999999,0.9194650205761317,0.790658436213992,0.9371193415637863,0.8954732510288067,0.9335802469135802,0.9282716049382713,0.9318518518518518
FreezerRegularTrain,0.9953918128654973,0.9880584795321636,0.998994152033333,0.99940350877193,0.9998830409356726,0.9990877192982458,0.9957543859649122,0.9991227000000001,0.9423508771929824,0.9522573099415205,0.9943742690058482,0.9967368421052634,0.9761052631578948,0.9992514619883043,0.995321637433333,0.9984912280701758,0.9970760233918131,0.9906081871345028,0.9939298245614036,0.9979298245614037,0.9978245614035092,0.9983391812865501
FreezerSmallTrain,0.9901988304093569,0.9616374269005848,0.9986900583333332,0.9992280701754388,0.9981871345029242,0.9836608187134506,0.9489122807017544,0.9873215999999999,0.8233801169590643,0.8787251461988302,0.9872046783625732,0.9494736842105264,0.9476023391812863,0.9885614035087722,0.9626198829666668,0.995461988304094,0.9614385964912281,0.9005730994152046,0.9668187134502924,0.991391812865497,0.991918128654971,0.9919766081871344
GunPoint,0.9931111111111108,0.9964444444444442,0.9813333333666667,0.9893333333333333,0.9988888888888887,0.9982222222222222,0.9951111111111107,0.9924443000000001,0.9913333333333332,0.980888888888889,0.9919999999999998,0.9908888888888886,0.9966666666666666,0.9864444444444445,1.0,1.0,0.9553333333333336,0.9931111111111112,0.9997777777777778,0.9975555555555554,0.9973333333333333,0.9977777777777777
GunPointAgeSpan,0.9936708860759494,0.9949367088607595,0.9839662445666664,0.9844936708860758,0.9956751054852317,0.9966244725738395,0.983860759493671,0.9922994666666668,0.996940928270042,0.9862869198312237,0.9934599156118142,0.9944092827004216,0.9953586497890293,0.9660337552742618,0.9988396624333332,0.99957805907173,0.9777426160337552,0.9813291139240508,0.9986286919831223,0.9960970464135019,0.9958860759493668,0.9959915611814345
GunPointMaleVersusFemale,0.9997890295358649,0.99957805907173,0.9974683543999997,0.9987341772151898,1.0,0.9998945147679325,0.9983122362869197,0.9998945,0.9993670886075949,0.991139240506329,0.9998945147679325,0.9900843881856538,0.9995780590717299,0.9864978902953584,0.9988396624333331,0.999367088607595,0.9959915611814344,0.9938818565400843,0.9991561181434598,1.0,1.0,1.0
GunPointOldVersusYoung,0.9891005291005291,0.9991534391534391,1.0,1.0,1.0,1.0,1.0,1.0,1.0,0.9997883597883598,0.9896296296296295,1.0,0.9991534391534391,0.9783068783068783,0.998941799,1.0,1.0,0.986031746031746,0.9991534391534391,1.0,1.0,1.0
Ham,0.8600000000000004,0.8374603174603178,0.8238095239000002,0.821587301587302,0.8587301587301591,0.8400000000000003,0.8501587301587304,0.8447617999999999,0.7834920634920639,0.81968253968254,0.8552380952380955,0.8073015873015876,0.8349206349206353,0.8107936507936512,0.8200000001666667,0.8050793650793654,0.7993650793650797,0.8212698412698417,0.8114285714285717,0.8438095238095241,0.8292063492063496,0.8438095238095241
Haptics,0.5326839826839826,0.4674242424242424,0.5033549783333333,0.5190476190476191,0.5467532467532467,0.5393939393939394,0.5365800865800865,0.5462121333333333,0.4583333333333333,0.4787878787878788,0.5341991341991342,0.49653679653679633,0.49220779220779226,0.5416666666666665,0.5255411255666667,0.5232683982683981,0.4655844155844156,0.4492424242424241,0.48019480519480506,0.5502164502164502,0.5506493506493508,0.5507575757575759
Herring,0.6239583333333333,0.5958333333333333,0.6067708333333334,0.5958333333333333,0.6260416666666667,0.6119791666666666,0.625,0.609375,0.5744791666666667,0.5984375,0.625,0.596875,0.6083333333333333,0.6328125,0.6015625,0.5973958333333333,0.6041666666666666,0.6020833333333333,0.5744791666666667,0.615625,0.615625,0.6130208333333333
HouseTwenty,0.9641456582633054,0.9560224089635856,0.9375350141333333,0.9400560224089637,0.9862745098039216,0.9787114845938376,0.9535014005602241,0.9658264333333335,0.9369747899159665,0.9296918767507004,0.9627450980392157,0.9554621848739496,0.9296918767507004,0.9750700280112046,0.9885154061333336,0.9703081232492998,0.8378151260504205,0.8106442577030817,0.9397759103641458,0.9756302521008404,0.9778711484593838,0.9759103641456583
InlineSkate,0.4655757575757575,0.5056363636363634,0.4543636363999998,0.5612121212121213,0.5455757575757576,0.5151515151515151,0.5343636363636363,0.46466669999999993,0.561030303030303,0.3904242424242425,0.43793939393939385,0.41012121212121216,0.5142424242424241,0.4392727272727273,0.5338181818,0.5718787878787879,0.3727878787878788,0.6746060606060605,0.5034545454545455,0.48272727272727267,0.48084848484848497,0.4816969696969698
InsectEPGRegularTrain,0.9870147255689423,0.9967871485943774,1.0,1.0,1.0,1.0,1.0,1.0,1.0,0.9929049531459169,0.9870147255689425,1.0,0.9773761713520749,0.9934404283801874,0.9993306559333334,1.0,1.0,0.9717536813922358,1.0,1.0,1.0,1.0
InsectEPGSmallTrain,0.9342704149933068,0.9848728246318607,0.9959839357333334,0.9943775100401606,0.9985274431057564,1.0,1.0,0.9934405000000001,1.0,0.9721552878179386,0.9342704149933067,0.39625167336010725,0.9755020080321287,0.8876840696117804,0.9990629183333333,1.0,0.9958500669344043,0.9066934404283804,0.9908969210174028,0.996251673360107,0.9961178045515394,0.9959839357429717
InsectWingbeatSound,0.6578282828282828,0.5118350168350169,0.6481818181666668,0.6619865319865319,0.6618686868686869,0.6402693602693603,0.6273400673400674,0.6596801,0.6069023569023569,0.6363636363636365,0.6566835016835018,0.49138047138047125,0.5186868686868686,0.6285521885521885,0.5824747473999999,0.632222222222222,0.6034511784511786,0.6194949494949495,0.5389898989898989,0.6716666666666667,0.6714309764309764,0.6717003367003366
ItalyPowerDemand,0.9614836410754779,0.8708778749595074,0.9628765793333336,0.9650793650793652,0.961839974084872,0.9581794622610948,0.960349854227405,0.9595724333333334,0.9560090702947845,0.9445416261742792,0.9616132167152573,0.957110463232912,0.8683511499838029,0.9538062844185293,0.9488176223333331,0.9624230644638807,0.9594752186588918,0.9468091998704244,0.926465824425008,0.9648202137998054,0.9645286686103013,0.9644962747003564
LargeKitchenAppliances,0.9285333333333333,0.835822222222222,0.8672888888666669,0.8673777777777779,0.9352888888888887,0.920088888888889,0.9523555555555558,0.9032000333333331,0.8101333333333331,0.7358222222222224,0.9300444444444443,0.9538666666666666,0.8369777777777777,0.9298666666666667,0.8400888889333332,0.8601777777777778,0.6362666666666666,0.7927111111111114,0.8369777777777777,0.9405333333333332,0.9344888888888889,0.9414222222222222
Lightning2,0.7743169398907102,0.8191256830601095,0.7644808744333335,0.7568306010928963,0.7836065573770493,0.7732240437158472,0.8163934426229509,0.751912466666667,0.8486338797814209,0.6819672131147541,0.7765027322404373,0.8005464480874319,0.8081967213114754,0.6584699453551912,0.7748633880333333,0.7688524590163934,0.7644808743169399,0.6273224043715847,0.7972677595628416,0.7519125683060108,0.7442622950819671,0.7508196721311478
Lightning7,0.7977168949771689,0.6712328767123287,0.7429223744999999,0.7525114155251141,0.797716894977169,0.7575342465753424,0.8214611872146118,0.7789955000000001,0.7922374429223744,0.6977168949771689,0.797716894977169,0.8100456621004569,0.6812785388127853,0.7433789954337899,0.7054794520333333,0.7936073059360729,0.7205479452054794,0.712785388127854,0.7200913242009134,0.7926940639269406,0.7771689497716893,0.7954337899543378
Mallat,0.9577256574271498,0.9497938877043354,0.9706751954333332,0.9784648187633261,0.9790618336886997,0.9671926083866382,0.9624875621890548,0.9558920333333335,0.9720113717128644,0.9540724946695095,0.9571712864250177,0.9689694385216774,0.9484577114427858,0.9080312722103767,0.8803411514333332,0.9767022032693674,0.9357213930348257,0.9664392324093816,0.94090973702914,0.9527931769722817,0.9550248756218903,0.9516560056858565
Meat,0.9905555555555556,0.9805555555555557,0.9866666667333331,0.9833333333333333,0.9905555555555556,0.9861111111111112,0.9838888888888891,0.9933333000000002,0.9872222222222224,0.9866666666666669,0.988888888888889,0.993888888888889,0.9838888888888891,0.9677777777777777,0.9805555556333332,0.9844444444444445,0.9838888888888891,0.9766666666666668,0.9772222222222224,0.9855555555555554,0.9827777777777781,0.9827777777777779
MedicalImages,0.8046052631578947,0.7158333333333332,0.7681578947666666,0.7959649122807017,0.8096052631578947,0.7403508771929825,0.7963157894736842,0.8043859333333334,0.7714473684210524,0.6667105263157895,0.8051315789473683,0.7922368421052632,0.7167982456140349,0.7098245614035087,0.7568421052333334,0.7991228070175437,0.7462280701754387,0.7087719298245614,0.6896052631578947,0.8117982456140351,0.8033771929824562,0.8090789473684209
MiddlePhalanxOutlineAgeGroup,0.7151515151515151,0.6562770562770563,0.6915584415333335,0.7101731601731601,0.7175324675324677,0.697835497835498,0.5945887445887447,0.7080086666666667,0.6588744588744588,0.6997835497835497,0.7108225108225109,0.5965367965367966,0.6590909090909093,0.6675324675324675,0.6935064934333336,0.6943722943722944,0.6595238095238094,0.6603896103896104,0.6774891774891775,0.7212121212121212,0.7238095238095237,0.7214285714285715
MiddlePhalanxOutlineCorrect,0.832760595647194,0.8095074455899203,0.8026345933666666,0.8263459335624288,0.8363115693012604,0.8129438717067587,0.8340206185567014,0.8427262666666666,0.8240549828178698,0.805498281786942,0.8344788087056132,0.823596792668958,0.8066437571592215,0.8315005727376865,0.7656357388333334,0.8058419243986259,0.7995418098510887,0.8282932416953039,0.7721649484536087,0.8509736540664379,0.8446735395189007,0.8481099656357391
MiddlePhalanxTW,0.5915584415584416,0.5322510822510822,0.5807359306333334,0.5902597402597405,0.5924242424242424,0.5837662337662338,0.5266233766233765,0.5909092666666668,0.5491341991341991,0.5850649350649351,0.5898268398268398,0.5311688311688312,0.5415584415584416,0.5785714285714287,0.5779220777333334,0.5731601731601732,0.5686147186147185,0.5543290043290044,0.5673160173160172,0.5906926406926407,0.593939393939394,0.5898268398268397
MixedShapesRegularTrain,0.9653333333333333,0.9179106529209623,0.9523986254666668,0.9586116838487972,0.972893470790378,0.9659243986254296,0.9662955326460482,0.9693608333333331,0.9638075601374572,0.9377044673539519,0.9656632302405498,0.9700756013745706,0.9320687285223368,0.9602336769759451,0.9726460480000001,0.9713814432989689,0.9229965635738833,0.9632852233676974,0.9339243986254294,0.9785979381443298,0.9778969072164949,0.9786941580756013
MixedShapesSmallTrain,0.9314776632302408,0.8716975945017184,0.9094570446666664,0.9147491408934706,0.9516426116838488,0.9446872852233678,0.9133608247422679,0.9413882333333333,0.9280549828178695,0.8982817869415809,0.9306804123711339,0.9162474226804125,0.9297731958762887,0.9368109965635737,0.9530996563999998,0.9472577319587631,0.8401512027491408,0.9244673539518902,0.8931271477663231,0.9524398625429555,0.9522886597938148,0.9524810996563576
MoteStrain,0.9056443024494141,0.8441959531416399,0.9051384451666669,0.9082800851970183,0.9327476038338659,0.9365015974440892,0.880644302449414,0.9129126333333333,0.9149627263045794,0.8780351437699683,0.9054845580404685,0.9031150159744411,0.8509850905218317,0.9088924387646433,0.8992012779333335,0.9301118210862619,0.8554579339723108,0.9047657082002131,0.8966986155484556,0.9025292864749734,0.9053780617678383,0.9029818956336527
OSULeaf,0.9396694214876032,0.9691460055096418,0.7449035812666668,0.8606060606060606,0.965564738292011,0.9747933884297522,0.952617079889807,0.9575757333333332,0.8585399449035813,0.6542699724517907,0.9387052341597795,0.9746556473829201,0.9768595041322314,0.9563360881542697,0.9549586777000001,0.9735537190082647,0.643250688705234,0.8517906336088156,0.9600550964187328,0.9610192837465565,0.9573002754820935,0.9617079889807161
OliveOil,0.8977777777777779,0.8755555555555556,0.9099999999333332,0.9055555555555554,0.9033333333333332,0.8833333333333333,0.8744444444444442,0.9144444666666665,0.878888888888889,0.8933333333333336,0.9022222222222223,0.8622222222222221,0.8744444444444445,0.8788888888888885,0.8933333332999999,0.9166666666666664,0.8933333333333331,0.9133333333333333,0.8744444444444445,0.9133333333333333,0.9011111111111111,0.913333333333333
PhalangesOutlinesCorrect,0.8433566433566437,0.8173659673659671,0.8283216783333335,0.8444832944832946,0.8454156954156954,0.8264957264957266,0.8614996114996115,0.8422299333333333,0.8290986790986791,0.8125097125097125,0.8447163947163946,0.8476689976689976,0.818881118881119,0.8336829836829835,0.7780497281000002,0.8253302253302255,0.8057109557109554,0.8217171717171717,0.7791763791763793,0.8571872571872573,0.8456876456876457,0.8575757575757577
Phoneme,0.27385724331926853,0.25460618846694794,0.3662798875666667,0.4138009845288327,0.390928270042194,0.37116736990154714,0.3346167369901547,0.2718706,0.32041139240506317,0.34662447257383966,0.27514064697609,0.34567510548523206,0.27958860759493664,0.3565225035161743,0.3483298171666667,0.36984880450070323,0.1936533052039381,0.25947609001406463,0.27260900140646965,0.3495253164556962,0.35154711673699013,0.3530239099859354
PigAirwayPressure,0.16233974358974354,0.9418269230769231,0.3145833333333333,0.2899038461538461,0.955448717948718,0.9576923076923074,0.9221153846153848,0.8727564000000002,0.2754807692307693,0.18253205128205122,0.1955128205128205,0.4370192307692307,0.9573717948717948,0.9774038461538463,0.9455128206,0.9600961538461537,0.2801282051282051,0.5378205128205129,0.9509615384615385,0.6564102564102564,0.5719551282051284,0.6472756410256408
PigArtPressure,0.9088141025641027,0.9676282051282049,0.7855769231,0.8583333333333333,0.9732371794871796,0.9668269230769232,0.9331730769230769,0.9624999666666666,0.7157051282051281,0.7945512820512821,0.9084935897435898,0.9536858974358974,0.9749999999999999,0.945673076923077,0.9791666667,0.9689102564102563,0.3072115384615385,0.9378205128205129,0.9621794871794871,0.9240384615384615,0.9174679487179487,0.9278846153846152
PigCVP,0.8810897435897435,0.959455128205128,0.4854166666,0.635096153846154,0.9290064102564101,0.9530448717948717,0.9052884615384613,0.9185897999999998,0.5004807692307692,0.6825320512820512,0.8817307692307693,0.45400641025641025,0.9580128205128204,0.8996794871794872,0.9389423077333333,0.961378205128205,0.17820512820512815,0.8979166666666669,0.9528846153846154,0.8301282051282051,0.8096153846153843,0.8280448717948719
Plane,1.0,0.9980952380952381,0.9984126983333332,1.0,1.0,1.0,0.9968253968253968,1.0,1.0,0.9965079365079366,1.0,1.0,0.9977777777777778,0.9990476190476191,1.0,1.0,0.9958730158730159,0.994920634920635,1.0,1.0,1.0,1.0
PowerCons,0.9548148148148148,0.8900000000000001,0.9918518517666666,0.9888888888888885,0.9688888888888888,0.9924074074074072,0.9861111111111109,0.9837036333333337,0.9874074074074074,0.957962962962963,0.956111111111111,0.886111111111111,0.8970370370370372,0.9405555555555555,0.9383333333333334,0.9794444444444442,0.9931481481481478,0.9194444444444443,0.8975925925925926,0.9768518518518522,0.9764814814814814,0.9770370370370371
ProximalPhalanxOutlineAgeGroup,0.8513821138211383,0.8284552845528457,0.8531707316666669,0.8500813008130083,0.8539837398373983,0.8559349593495936,0.8221138211382116,0.8565855666666667,0.8401626016260163,0.8572357723577239,0.852357723577236,0.8173983739837402,0.8325203252032523,0.845528455284553,0.8578861788666666,0.8463414634146342,0.8450406504065043,0.844878048780488,0.8497560975609757,0.8534959349593497,0.8543089430894312,0.8531707317073173
ProximalPhalanxOutlineCorrect,0.89610538373425,0.8655211912943875,0.8778923253000002,0.8947308132875146,0.8963344788087059,0.8852233676975948,0.9063001145475374,0.8941581000000001,0.8658648339060714,0.8736540664375719,0.8993127147766325,0.9056128293241698,0.8662084765177551,0.8953035509736543,0.8676975944666668,0.8754868270332191,0.8489117983963348,0.8762886597938148,0.8646048109965638,0.907216494845361,0.8997709049255443,0.9052691867124859
ProximalPhalanxTW,0.803577235772358,0.768617886178862,0.8107317073333333,0.8130081300813008,0.8112195121951221,0.8160975609756101,0.7806504065040651,0.8021138,0.7907317073170734,0.813170731707317,0.8035772357723581,0.7894308943089433,0.7746341463414637,0.8076422764227643,0.8017886178333334,0.8110569105691059,0.8016260162601629,0.8014634146341467,0.7946341463414636,0.8040650406504066,0.8047154471544717,0.8079674796747968
RefrigerationDevices,0.7165333333333332,0.7828444444444446,0.6984888888666667,0.7401777777777778,0.7670222222222224,0.7909333333333332,0.7593777777777776,0.6969778999999998,0.6723555555555555,0.6518222222222223,0.7299555555555556,0.7868444444444446,0.7784,0.7771555555555556,0.7707555555666669,0.7268444444444447,0.6116444444444445,0.7397333333333334,0.7629333333333332,0.7335111111111112,0.7228444444444444,0.7312888888888888
Rock,0.8039999999999998,0.8026666666666668,0.866,0.8646666666666666,0.8886666666666667,0.8553333333333332,0.6273333333333333,0.8153333333333332,0.7746666666666668,0.7819999999999999,0.8046666666666666,0.41600000000000004,0.826,0.8673333333333333,0.8753333333333333,0.8320000000000002,0.76,0.8546666666666667,0.8013333333333333,0.8613333333333333,0.8573333333333334,0.86
ScreenType,0.5967999999999999,0.5848000000000001,0.6159111110999999,0.6698666666666667,0.7070222222222223,0.7241777777777775,0.7056000000000002,0.5422222333333334,0.5719999999999997,0.6058666666666667,0.6089777777777778,0.7552888888888888,0.5889777777777778,0.7178666666666668,0.6435555555333333,0.5942222222222224,0.47182222222222214,0.5959111111111112,0.5770666666666667,0.6559111111111111,0.6382222222222221,0.6576888888888889
SemgHandGenderCh2,0.9248333333333333,0.8876666666666664,0.9514999999999998,0.9521111111111111,0.961277777777778,0.9691666666666666,0.8845555555555557,0.9098889,0.9631111111111113,0.87,0.9231111111111112,0.8088888888888892,0.8851666666666665,0.9322777777777776,0.8802777777666668,0.9388888888888887,0.9473888888888886,0.7814444444444446,0.879111111111111,0.9502222222222223,0.9380555555555556,0.9494444444444443
SemgHandMovementCh2,0.6405925925925925,0.6648888888888889,0.8763703704333334,0.8752592592592594,0.8619259259259259,0.8889629629629628,0.5510370370370371,0.6750369666666668,0.8908888888888888,0.7239999999999999,0.6525925925925925,0.4209629629629629,0.6817777777777778,0.7882962962962963,0.7074814815000001,0.8849629629629628,0.8641481481481483,0.46029629629629626,0.692148148148148,0.7965185185185184,0.7502222222222221,0.7942962962962964
SemgHandSubjectCh2,0.9142222222222222,0.835111111111111,0.9319259259333333,0.9331851851851851,0.938888888888889,0.9505925925925927,0.7639259259259261,0.8786666666666663,0.9380740740740742,0.8241481481481482,0.9118518518518518,0.5547407407407406,0.8427407407407408,0.9133333333333332,0.8660740741333334,0.9331111111111111,0.916,0.7934814814814817,0.8454074074074073,0.9272592592592591,0.9062222222222222,0.9268888888888888
ShapeletSim,0.9977777777777775,1.0,0.9600000000666667,0.973333333333333,1.0,1.0,0.9235185185185185,0.9996296000000001,0.7892592592592592,0.7675925925925925,0.9981481481481481,0.7272222222222222,1.0,0.9996296296296295,0.995,1.0,0.5137037037037037,0.9974074074074072,0.985185185185185,1.0,1.0,1.0
ShapesAll,0.9235555555555557,0.9085000000000001,0.8601666665333332,0.8746666666666666,0.9342777777777777,0.9312777777777776,0.9381666666666663,0.9347777666666665,0.8900555555555555,0.8500555555555555,0.923222222222222,0.9330555555555555,0.9204444444444443,0.8653333333333335,0.9318333334,0.9410555555555554,0.8042777777777779,0.9160000000000001,0.9040555555555555,0.9448333333333333,0.9403333333333334,0.9460000000000002
SmallKitchenAppliances,0.8179555555555555,0.747111111111111,0.8328888888333332,0.8446222222222223,0.8412444444444444,0.8282666666666667,0.7705777777777779,0.8133333,0.7381333333333333,0.8059555555555555,0.8183111111111111,0.7966222222222222,0.7909333333333333,0.8128000000000003,0.8116444444333334,0.8379555555555556,0.7881777777777776,0.8052444444444443,0.7737777777777777,0.8288000000000003,0.8202666666666669,0.8254222222222223
SmoothSubspace,0.9748888888888891,0.40733333333333327,0.9908888888333336,0.9884444444444447,0.9826666666666668,0.9862222222222224,0.9848888888888891,0.9579999666666671,0.9979999999999999,0.8484444444444443,0.9748888888888891,0.9928888888888888,0.4117777777777778,0.9357777777777779,0.8742222221999998,0.9973333333333332,0.9873333333333334,0.8553333333333334,0.44400000000000006,0.9782222222222221,0.9797777777777779,0.9795555555555554
SonyAIBORobotSurface1,0.9579034941763725,0.8976705490848584,0.8694952856999998,0.9178036605657236,0.9521907931225735,0.826344980587909,0.9541874653355518,0.9480311333333333,0.9201331114808651,0.8669994453688296,0.9580698835274543,0.9603993344425954,0.8953410981697167,0.8009428729894619,0.7100942872666667,0.8897393233499721,0.8637271214642263,0.9092623405435383,0.6228508042151969,0.9478646699944536,0.9491957848031057,0.9479755962285077
SonyAIBORobotSurface2,0.9353620146904512,0.8793634137810421,0.9086743616666667,0.9286813571178733,0.9472193074501576,0.9366561734872334,0.9512766701643931,0.9417279333333336,0.899020636586219,0.9124868835257084,0.9350472193074499,0.968870234347674,0.8842602308499473,0.9369709688702345,0.9047569080000002,0.9010842952081147,0.8743266876530256,0.9352920601608954,0.875795732773697,0.9488632388947182,0.9476040573627142,0.9490031479538299
StarLightCurves,0.9812570827262425,0.9765784361340458,0.9791646429666667,0.9797798283956615,0.9816860935729316,0.9795572284280394,0.9781244940909828,0.9812206666666667,0.979569370244455,0.9743807673627973,0.9809940100372351,0.9720293022502831,0.9520964869677836,0.9786061194754737,0.9776792940999998,0.9811275700178079,0.9704265824834064,0.9804314392099726,0.9777521450542335,0.9813987372510928,0.9809575845879874,0.9811963736441636
Strawberry,0.9794594594594596,0.9704504504504502,0.9755855856000001,0.9737837837837835,0.9789189189189194,0.975135135135135,0.9754954954954954,0.9798197666666664,0.9604504504504504,0.9729729729729731,0.9787387387387388,0.9748648648648647,0.9660360360360359,0.9717117117117116,0.9735135135000001,0.9739639639639639,0.9674774774774771,0.9785585585585584,0.972162162162162,0.9791891891891892,0.9782882882882884,0.9789189189189188
SwedishLeaf,0.9597866666666667,0.9201600000000002,0.9377066666666666,0.9604266666666668,0.9635200000000003,0.9494399999999997,0.9698133333333333,0.9629333333333335,0.9530666666666666,0.9229333333333334,0.9632000000000003,0.9585600000000002,0.9254399999999999,0.9339733333333334,0.93744,0.9619200000000003,0.8978666666666668,0.9576,0.9105599999999999,0.9726399999999997,0.9691733333333334,0.9723733333333331
Symbols,0.9676046901172529,0.9631825795644892,0.9491457286000001,0.9522278056951425,0.9714572864321608,0.9685092127303181,0.9694807370184252,0.966834,0.967035175879397,0.9127303182579564,0.9685762144053602,0.9467001675041876,0.9641541038525961,0.9014070351758794,0.9670351758666668,0.970820770519263,0.8778894472361809,0.9532328308207704,0.9625125628140704,0.9723283082077054,0.9724958123953099,0.9731993299832495
SyntheticControl,0.9973333333333331,0.9665555555555556,0.9912222222333331,0.9939999999999996,0.9984444444444444,0.9942222222222218,0.9957777777777774,0.9901111666666667,0.9983333333333332,0.6778888888888891,0.9977777777777775,0.994444444444444,0.9648888888888887,0.9918888888888886,0.9871111110666668,0.999,0.9915555555555553,0.9869999999999999,0.9511111111111112,0.9947777777777772,0.9931111111111108,0.9949999999999994
ToeSegmentation1,0.9305555555555558,0.9248538011695906,0.8595029239666668,0.9014619883040937,0.9554093567251456,0.959649122807017,0.9532163742690055,0.9410817333333337,0.8355263157894737,0.8804093567251461,0.9328947368421053,0.9542397660818712,0.9203216374269007,0.9533625730994149,0.9590643275999996,0.9597953216374265,0.6671052631578945,0.9429824561403508,0.951754385964912,0.9274853801169592,0.9251461988304095,0.9279239766081875
ToeSegmentation2,0.9315384615384611,0.9615384615384613,0.8979487179666668,0.8974358974358972,0.9602564102564097,0.9682051282051278,0.9635897435897435,0.9399999666666669,0.885897435897436,0.9117948717948717,0.9325641025641024,0.9530769230769227,0.9630769230769227,0.9451282051282047,0.9738461539666666,0.9625641025641022,0.8025641025641029,0.9284615384615382,0.9648717948717945,0.9366666666666662,0.9325641025641023,0.9358974358974358
Trace,1.0,1.0,1.0,1.0,1.0,1.0,1.0,1.0,1.0,0.9829999999999999,1.0,1.0,1.0,1.0,1.0,1.0,0.9919999999999999,1.0,1.0,1.0,1.0,1.0
TwoLeadECG,0.9984781972490485,0.9847234416154519,0.9214808310666667,0.9849575651155985,0.9990342405618959,0.996283289435177,0.9948200175592624,0.9972489333333331,0.981796897863623,0.9107404155692129,0.9985367281240851,0.9994439566871524,0.9856014047410009,0.999122036874451,0.9979806849333333,0.9900790166812993,0.870646766169154,0.9975417032484634,0.9937664618086038,0.9976294995610185,0.9979221539362013,0.9975709686859819
TwoPatterns,1.0,0.9916916666666666,0.99895,0.9996916666666665,1.0,0.9994833333333334,1.0,0.9952833333333333,0.9999916666666666,0.4389666666666666,1.0,0.999775,0.9957500000000002,0.9902583333333334,0.9973916666666667,0.9999916666666666,0.9938250000000001,0.9814000000000002,0.9920499999999998,1.0,0.9999916666666666,1.0
UMD,0.9814814814814816,0.9664351851851851,0.9069444444666666,0.9157407407407406,0.98587962962963,0.9673611111111112,0.9798611111111111,0.9902779666666663,0.9543981481481486,0.5412037037037039,0.9828703703703705,0.9525462962962966,0.9391203703703702,0.9368055555555556,0.9182870371000001,0.9833333333333335,0.8333333333333334,0.9321759259259258,0.9217592592592593,0.9800925925925931,0.984027777777778,0.9824074074074077
UWaveGestureLibraryAll,0.975227991810906,0.944853899125256,0.9723897263666665,0.9718779080588126,0.9748650660710961,0.9666201377256652,0.9511725293132326,0.9749115999999999,0.9730597431602455,0.9173739065698866,0.9772659594267635,0.8689931137167317,0.9477107761027358,0.9579657546994232,0.9540759352333334,0.9707426018983806,0.9623673925181463,0.9577610273590172,0.9448538991252557,0.9841894658477572,0.9832402754513307,0.9843476642471615
UWaveGestureLibraryX,0.8565233575283826,0.7525870091196722,0.8307649358000001,0.8450493206774613,0.8603480364786897,0.8334543085799366,0.833603201191141,0.8560488000000002,0.8313977293876792,0.6339475153545506,0.8571282337613998,0.7903964265773309,0.7881723431974688,0.8201656430299648,0.8270333146999997,0.8467801972827101,0.7999906942117998,0.8176065512748931,0.7740554624976735,0.8755071654569141,0.8663781872324584,0.8750604876233016
UWaveGestureLibraryY,0.7832309696631302,0.6621254420249395,0.7661920714333331,0.7750418760469009,0.789456541969105,0.7546808114647312,0.7706309324399777,0.7833985666666666,0.7672157081704821,0.66822073329611,0.7836311185557416,0.6758514796203241,0.7148241206030151,0.7449190396426578,0.7646286990333336,0.7880234505862648,0.7218779080588126,0.7258235622557229,0.6943699981388425,0.8080308952168248,0.7970314535641168,0.8076865810534153
UWaveGestureLibraryZ,0.7958030895216825,0.6954959985110739,0.7762144053333331,0.7888423599478878,0.8032942490228923,0.7751442397171041,0.7732086357714498,0.8003256333333333,0.7673832123580867,0.6635213102549786,0.7958310068862834,0.7513865624418387,0.7363763260748185,0.7724734785036294,0.7836962589666668,0.791178112786153,0.7334077796389354,0.7548203982877353,0.7105806811836961,0.8182207332961101,0.8098269123394753,0.8165270798436627
Wafer,0.9985831711010166,0.9989076357343715,0.9989400822333335,0.9996052346960848,1.0,0.9998593986588795,0.9986210253082413,0.9989780333333335,0.996144278606965,0.9953547479991349,0.9986480640276876,0.9988805970149254,0.9990428293316026,0.999978369024443,0.9998377677000002,0.9989238589660392,0.996593121349773,0.9999134760977723,0.9989292667099284,0.9997350205494266,0.999675535366645,0.9997187973177588
Wine,0.9228395061728398,0.8925925925925925,0.8783950615999999,0.8740740740740741,0.9246913580246916,0.8919753086419756,0.8864197530864196,0.9277776333333335,0.8561728395061731,0.8709876543209876,0.9141975308641975,0.8561728395061731,0.8938271604938273,0.8858024691358023,0.8888888887000002,0.8981481481481484,0.8623456790123456,0.9302469135802467,0.8777777777777777,0.9166666666666666,0.9265432098765428,0.9203703703703703
WordSynonyms,0.7587774294670847,0.6584117032392895,0.6863113898333332,0.6952455590386624,0.7661964472309302,0.6931556948798326,0.7517763845350051,0.7675548666666665,0.7781609195402299,0.5916405433646813,0.7644200626959248,0.6133228840125392,0.7375653082549632,0.6230407523510973,0.7554858933666666,0.7936781609195401,0.6479101358411705,0.712748171368861,0.667816091954023,0.787251828631139,0.7721525600835945,0.7861546499477534
Worms,0.7147186147186146,0.7255411255411254,0.7082251079333333,0.7484848484848485,0.7580086580086579,0.7164502164502164,0.7796536796536795,0.7294374999999998,0.6930735930735932,0.6865800865800867,0.7203463203463205,0.7588744588744587,0.7173160173160172,0.7333333333333332,0.7419913417333333,0.7683982683982682,0.6121212121212122,0.7783549783549784,0.6623376623376622,0.7294372294372294,0.729004329004329,0.7298701298701297
WormsTwoClass,0.7744588744588744,0.807792207792208,0.7987012984999998,0.8034632034632035,0.8051948051948052,0.7896103896103894,0.8034632034632033,0.7926409000000001,0.7692640692640692,0.7852813852813855,0.7896103896103895,0.7679653679653679,0.8077922077922081,0.7852813852813854,0.8151515149666664,0.786147186147186,0.6935064935064935,0.8004329004329005,0.7909090909090909,0.7913419913419911,0.7982683982683981,0.7965367965367964
Yoga,0.9122555555555554,0.9101555555555554,0.8742555553666668,0.8897999999999998,0.9300333333333335,0.9124333333333332,0.9123111111111114,0.9186889333333333,0.8874444444444444,0.8372,0.9138444444444445,0.8772111111111109,0.9150555555555553,0.8799888888888887,0.9286333334333334,0.8726333333333334,0.8657999999999999,0.8923777777777778,0.9121222222222223,0.932011111111111,0.9251,0.931877777777778
