dataset_name,PPV_periodogram_10k,PPV_2nd_10k,PPV_2nd+periodogram_10k,PPV_1st_10k,PPV_1st+periodogram_10k,PPV_1st+2nd_10k,PPV_1st+2nd+periodogram_10k,PPV_base_10k,PPV_base+periodogram_10k,PPV_base+2nd_10k,PPV_base+2nd+periodogram_10k,PPV_base+1st_10k,PPV_base+1st+periodogram_10k,PPV_base+1st+2nd_10k,PPV_base+1st+2nd+periodogram_10k,PPV+LSPV+MPV+MIPV_periodogram_10k,PPV+LSPV+MPV+MIPV_2nd_10k,PPV+LSPV+MPV+MIPV_2nd+periodogram_10k,PPV+LSPV+MPV+MIPV_1st_10k,PPV+LSPV+MPV+MIPV_1st+periodogram_10k,PPV+LSPV+MPV+MIPV_1st+2nd_10k,PPV+LSPV+MPV+MIPV_1st+2nd+periodogram_10k,PPV+LSPV+MPV+MIPV_base_10k,PPV+LSPV+MPV+MIPV_base+periodogram_10k,PPV+LSPV+MPV+MIPV_base+2nd_10k,PPV+LSPV+MPV+MIPV_base+2nd+periodogram_10k,PPV+LSPV+MPV+MIPV_base+1st_10k,PPV+LSPV+MPV+MIPV_base+1st+periodogram_10k,PPV+LSPV+MPV+MIPV_base+1st+2nd_10k,PPV+LSPV+MPV+MIPV_base+1st+2nd+periodogram_10k,PPV+MIPV_base+1st_10k,PPV+LSPV+MIPV_base+1st_10k,PPV+LSPV+MPV_base+1st_10k,PPV+LSPV_base+1st_10k,PPV+MPV+MIPV_base+1st_10k,PPV+MPV_base+1st_10k,MIPV_base+1st_10k,LSPV+MIPV_base+1st_10k,LSPV+MPV+MIPV_base+1st_10k,LSPV+MPV_base+1st_10k,LSPV_base+1st_10k,MPV+MIPV_base+1st_10k,MPV_base+1st_10k,PPV_base_50k,PPV_base+1st_50k,PPV+LSPV+MPV+MIPV_base+1st_100k,PPV+LSPV+MPV+MIPV_base+1st_20k,PPV+LSPV+MPV+MIPV_base+1st_50k
ACSF1,0.75,0.91,0.92,0.88,0.91,0.9,0.93,0.92,0.92,0.92,0.91,0.9,0.93,0.9,0.91,0.8,0.89,0.91,0.9,0.87,0.89,0.9,0.87,0.91,0.89,0.92,0.9,0.9,0.87,0.91,0.87,0.9,0.92,0.92,0.88,0.88,0.69,0.86,0.89,0.93,0.92,0.87,0.93,0.91,0.9,0.91,0.9,0.92
Adiac,0.710997442455243,0.5345268542199488,0.7161125319693095,0.8107416879795396,0.7928388746803069,0.782608695652174,0.7851662404092071,0.8235294117647058,0.8132992327365729,0.8056265984654731,0.7774936061381074,0.8312020460358056,0.8107416879795396,0.8005115089514067,0.80306905370844,0.7468030690537084,0.5831202046035806,0.7416879795396419,0.8184143222506394,0.80306905370844,0.7749360613810742,0.782608695652174,0.8286445012787724,0.7979539641943734,0.8209718670076727,0.80306905370844,0.8209718670076727,0.8209718670076727,0.8081841432225064,0.8056265984654731,0.8132992327365729,0.8260869565217391,0.8260869565217391,0.8184143222506394,0.8158567774936062,0.8235294117647058,0.7979539641943734,0.8184143222506394,0.8235294117647058,0.8414322250639387,0.7953964194373402,0.7953964194373402,0.8363171355498721,0.8337595907928389,0.8337595907928389,0.8363171355498721,0.8260869565217391,0.8337595907928389
AllGestureWiimoteX,0.5028571428571429,0.2714285714285714,0.4814285714285714,0.5285714285714286,0.6042857142857143,0.4885714285714285,0.5814285714285714,0.6914285714285714,0.6871428571428572,0.6514285714285715,0.6528571428571428,0.6571428571428571,0.6557142857142857,0.6057142857142858,0.6128571428571429,0.5185714285714286,0.3428571428571428,0.5171428571428571,0.5942857142857143,0.6357142857142857,0.5514285714285714,0.64,0.7428571428571429,0.7057142857142857,0.6914285714285714,0.6828571428571428,0.7042857142857143,0.7042857142857143,0.6814285714285714,0.6642857142857143,0.6828571428571428,0.7085714285714285,0.6857142857142857,0.6957142857142857,0.7057142857142857,0.6514285714285715,0.7028571428571428,0.7171428571428572,0.7257142857142858,0.7057142857142857,0.67,0.6971428571428572,0.6542857142857142,0.7042857142857143,0.67,0.7357142857142858,0.7057142857142857,0.7271428571428571
AllGestureWiimoteY,0.5428571428571428,0.2685714285714285,0.5214285714285715,0.6271428571428571,0.6585714285714286,0.5642857142857143,0.6171428571428571,0.73,0.7,0.6828571428571428,0.7,0.7171428571428572,0.72,0.6785714285714286,0.7085714285714285,0.5828571428571429,0.4128571428571428,0.58,0.6842857142857143,0.7314285714285714,0.6514285714285715,0.6971428571428572,0.76,0.76,0.71,0.7285714285714285,0.7514285714285714,0.7528571428571429,0.7428571428571429,0.7385714285714285,0.7442857142857143,0.7642857142857142,0.7285714285714285,0.7557142857142857,0.7485714285714286,0.7185714285714285,0.7357142857142858,0.7485714285714286,0.7585714285714286,0.7285714285714285,0.7228571428571429,0.74,0.7314285714285714,0.7228571428571429,0.7271428571428571,0.7614285714285715,0.7642857142857142,0.7728571428571429
AllGestureWiimoteZ,0.5028571428571429,0.32,0.5242857142857142,0.5328571428571428,0.5771428571428572,0.5328571428571428,0.5871428571428572,0.66,0.6357142857142857,0.6285714285714286,0.6157142857142858,0.6571428571428571,0.6257142857142857,0.5957142857142858,0.6057142857142858,0.5471428571428572,0.43,0.5628571428571428,0.6171428571428571,0.6114285714285714,0.57,0.6114285714285714,0.7257142857142858,0.7,0.6785714285714286,0.6671428571428571,0.6828571428571428,0.6728571428571428,0.6585714285714286,0.65,0.6757142857142857,0.7042857142857143,0.6842857142857143,0.6957142857142857,0.6828571428571428,0.69,0.7,0.6871428571428572,0.7157142857142857,0.7014285714285714,0.6614285714285715,0.6942857142857143,0.71,0.6671428571428571,0.6871428571428572,0.74,0.7171428571428572,0.7528571428571429
ArrowHead,0.72,0.4971428571428571,0.7028571428571428,0.8514285714285714,0.8457142857142858,0.8457142857142858,0.84,0.8514285714285714,0.8571428571428571,0.8857142857142857,0.8514285714285714,0.8571428571428571,0.8514285714285714,0.8457142857142858,0.88,0.7142857142857143,0.5085714285714286,0.7314285714285714,0.8514285714285714,0.8514285714285714,0.84,0.8057142857142857,0.8571428571428571,0.8571428571428571,0.84,0.8285714285714286,0.8514285714285714,0.8514285714285714,0.8342857142857143,0.8457142857142858,0.8685714285714285,0.8685714285714285,0.8742857142857143,0.8628571428571429,0.8685714285714285,0.8685714285714285,0.8114285714285714,0.8742857142857143,0.8685714285714285,0.8685714285714285,0.8571428571428571,0.8457142857142858,0.8285714285714286,0.84,0.8514285714285714,0.8571428571428571,0.8628571428571429,0.8685714285714285
BME,0.7066666666666667,0.98,0.9133333333333332,0.9866666666666668,0.94,0.9933333333333332,0.9333333333333332,1.0,0.9866666666666668,1.0,0.9866666666666668,1.0,1.0,1.0,1.0,0.7,1.0,1.0,1.0,1.0,1.0,1.0,1.0,1.0,1.0,1.0,1.0,1.0,1.0,1.0,1.0,1.0,1.0,1.0,1.0,1.0,0.9933333333333332,0.9933333333333332,1.0,1.0,0.9266666666666666,1.0,1.0,1.0,1.0,1.0,1.0,1.0
Beef,0.7666666666666667,0.8,0.7666666666666667,0.8,0.7666666666666667,0.8,0.7666666666666667,0.8666666666666667,0.8666666666666667,0.8333333333333334,0.8333333333333334,0.7666666666666667,0.7666666666666667,0.8,0.8666666666666667,0.7333333333333333,0.7333333333333333,0.7666666666666667,0.8,0.8,0.7,0.8333333333333334,0.7666666666666667,0.8333333333333334,0.8333333333333334,0.8,0.8,0.8,0.7666666666666667,0.8,0.8,0.7666666666666667,0.7666666666666667,0.7666666666666667,0.7666666666666667,0.7666666666666667,0.8333333333333334,0.8,0.7666666666666667,0.8,0.7333333333333333,0.8,0.7,0.8666666666666667,0.7666666666666667,0.7666666666666667,0.7666666666666667,0.7666666666666667
BeetleFly,0.8,0.7,0.85,0.85,0.95,0.85,0.95,0.9,0.9,0.95,0.9,0.95,0.95,0.95,0.95,0.85,0.7,0.85,0.9,0.95,0.9,0.9,0.8,0.95,0.95,0.9,0.85,0.95,0.9,0.95,0.85,0.9,0.9,0.95,0.85,0.85,0.9,0.9,0.9,0.9,0.95,0.85,0.85,0.9,0.9,0.85,0.9,0.85
BirdChicken,0.95,0.9,0.95,1.0,0.95,0.9,0.95,0.9,0.9,0.9,0.9,0.9,0.95,0.9,0.9,0.9,0.75,0.85,0.8,0.9,0.8,0.8,0.9,0.9,0.85,0.9,0.9,0.9,0.85,0.85,0.9,0.9,0.9,0.9,0.85,0.9,0.9,0.9,0.9,0.9,0.9,0.75,0.85,0.9,0.9,0.9,0.9,0.9
CBF,0.6255555555555555,0.6222222222222222,0.6555555555555556,0.8822222222222222,0.8355555555555556,0.7966666666666666,0.7822222222222223,0.9988888888888888,0.9944444444444444,0.9933333333333332,0.9944444444444444,0.9955555555555556,0.9966666666666668,0.9911111111111112,0.9911111111111112,0.6333333333333333,0.6877777777777778,0.6688888888888889,0.91,0.8888888888888888,0.87,0.8377777777777777,1.0,0.9966666666666668,0.9944444444444444,0.9977777777777778,0.9966666666666668,0.9944444444444444,0.9922222222222222,0.9888888888888888,0.9966666666666668,0.9944444444444444,0.9966666666666668,0.9955555555555556,0.9966666666666668,0.9955555555555556,0.9533333333333334,0.9911111111111112,0.9955555555555556,0.9977777777777778,0.9922222222222222,0.9966666666666668,0.9977777777777778,0.9988888888888888,0.9955555555555556,0.9955555555555556,0.9966666666666668,0.9966666666666668
Car,0.65,0.8,0.7166666666666667,0.9166666666666666,0.8833333333333333,0.8833333333333333,0.9,0.9166666666666666,0.9333333333333332,0.9,0.9,0.9166666666666666,0.9333333333333332,0.9,0.9,0.6833333333333333,0.7833333333333333,0.7833333333333333,0.9166666666666666,0.9,0.9166666666666666,0.9,0.9166666666666666,0.9333333333333332,0.9166666666666666,0.9333333333333332,0.9166666666666666,0.9166666666666666,0.9333333333333332,0.9333333333333332,0.9,0.9,0.9,0.9166666666666666,0.9,0.9166666666666666,0.9,0.8833333333333333,0.9,0.8833333333333333,0.8666666666666667,0.9,0.9166666666666666,0.9166666666666666,0.9166666666666666,0.9333333333333332,0.9166666666666666,0.9166666666666666
Chinatown,0.8425655976676385,0.8775510204081632,0.880466472303207,0.9650145772594751,0.967930029154519,0.9475218658892128,0.9387755102040816,0.9825072886297376,0.97667638483965,0.9708454810495628,0.9708454810495628,0.9825072886297376,0.979591836734694,0.967930029154519,0.9708454810495628,0.8075801749271136,0.9037900874635568,0.8950437317784257,0.9650145772594751,0.9446064139941692,0.956268221574344,0.9416909620991254,0.9854227405247812,0.9825072886297376,0.9737609329446064,0.9650145772594751,0.97667638483965,0.979591836734694,0.9708454810495628,0.9650145772594751,0.979591836734694,0.9825072886297376,0.97667638483965,0.9737609329446064,0.9825072886297376,0.979591836734694,0.9825072886297376,0.979591836734694,0.97667638483965,0.9708454810495628,0.9737609329446064,0.979591836734694,0.9708454810495628,0.9825072886297376,0.979591836734694,0.97667638483965,0.979591836734694,0.979591836734694
ChlorineConcentration,0.7067708333333333,0.8015625,0.7286458333333333,0.7833333333333333,0.7286458333333333,0.7466145833333333,0.7434895833333334,0.7604166666666666,0.71484375,0.790625,0.7286458333333333,0.7799479166666666,0.7213541666666666,0.7604166666666666,0.7229166666666667,0.7369791666666666,0.7848958333333333,0.76328125,0.77421875,0.7614583333333333,0.7768229166666667,0.784375,0.746875,0.75,0.7736979166666667,0.7713541666666667,0.7825520833333334,0.7760416666666666,0.7807291666666667,0.7791666666666667,0.7838541666666666,0.7713541666666667,0.7364583333333333,0.7520833333333333,0.7731770833333333,0.7841145833333333,0.78359375,0.77421875,0.7713541666666667,0.7440104166666667,0.7622395833333333,0.7682291666666666,0.7466145833333333,0.7692708333333333,0.7895833333333333,0.7890625,0.7744791666666667,0.7841145833333333
CinCECGTorso,0.9543478260869566,0.9710144927536232,0.9681159420289857,0.939855072463768,0.9847826086956522,0.9405797101449276,0.972463768115942,0.8724637681159421,0.9478260869565216,0.927536231884058,0.9543478260869566,0.910144927536232,0.9333333333333332,0.9289855072463769,0.9434782608695652,0.9731884057971014,0.9355072463768116,0.9927536231884058,0.9536231884057972,0.9942028985507246,0.9565217391304348,0.9884057971014492,0.9384057971014492,0.9840579710144928,0.9478260869565216,0.9768115942028984,0.9536231884057972,0.9818840579710144,0.9565217391304348,0.977536231884058,0.972463768115942,0.9594202898550724,0.932608695652174,0.917391304347826,0.9594202898550724,0.9355072463768116,0.967391304347826,0.9565217391304348,0.9543478260869566,0.8934782608695652,0.8789855072463768,0.960144927536232,0.868840579710145,0.863768115942029,0.913768115942029,0.9514492753623188,0.9514492753623188,0.9514492753623188
Coffee,1.0,0.8928571428571429,1.0,1.0,1.0,1.0,1.0,1.0,1.0,1.0,1.0,1.0,1.0,1.0,1.0,1.0,0.8928571428571429,1.0,0.9642857142857144,1.0,1.0,1.0,1.0,1.0,1.0,1.0,1.0,1.0,1.0,1.0,1.0,1.0,1.0,1.0,1.0,1.0,1.0,1.0,1.0,1.0,1.0,1.0,1.0,1.0,1.0,1.0,1.0,1.0
Computers,0.744,0.78,0.752,0.776,0.78,0.788,0.792,0.704,0.74,0.772,0.792,0.792,0.784,0.784,0.792,0.712,0.756,0.8,0.768,0.804,0.768,0.788,0.732,0.776,0.78,0.796,0.784,0.784,0.796,0.784,0.76,0.764,0.784,0.8,0.78,0.792,0.732,0.748,0.784,0.772,0.776,0.748,0.792,0.712,0.796,0.792,0.792,0.784
CricketX,0.5769230769230769,0.5,0.6,0.6820512820512821,0.658974358974359,0.6358974358974359,0.6435897435897436,0.8102564102564103,0.7871794871794872,0.7923076923076923,0.7538461538461538,0.8,0.7846153846153846,0.7512820512820513,0.7487179487179487,0.617948717948718,0.558974358974359,0.6641025641025641,0.7307692307692307,0.7128205128205128,0.658974358974359,0.6846153846153846,0.7974358974358975,0.7923076923076923,0.7974358974358975,0.7769230769230769,0.7846153846153846,0.7743589743589744,0.7769230769230769,0.7666666666666667,0.7692307692307693,0.7974358974358975,0.7897435897435897,0.7974358974358975,0.7871794871794872,0.7897435897435897,0.7512820512820513,0.7897435897435897,0.7846153846153846,0.7897435897435897,0.7794871794871795,0.7717948717948718,0.8051282051282052,0.8102564102564103,0.7948717948717948,0.8025641025641026,0.7974358974358975,0.8076923076923077
CricketY,0.5564102564102564,0.482051282051282,0.6051282051282051,0.6923076923076923,0.7051282051282052,0.6358974358974359,0.6717948717948717,0.8282051282051283,0.7948717948717948,0.8333333333333334,0.7846153846153846,0.8153846153846154,0.7974358974358975,0.7923076923076923,0.7897435897435897,0.5692307692307692,0.5820512820512821,0.676923076923077,0.7384615384615385,0.7282051282051282,0.7025641025641025,0.7333333333333333,0.8333333333333334,0.8205128205128205,0.8358974358974359,0.8307692307692308,0.841025641025641,0.8153846153846154,0.8358974358974359,0.7974358974358975,0.8205128205128205,0.8358974358974359,0.8256410256410256,0.823076923076923,0.841025641025641,0.8282051282051283,0.7846153846153846,0.8205128205128205,0.8384615384615385,0.823076923076923,0.8051282051282052,0.8051282051282052,0.8025641025641026,0.8333333333333334,0.8282051282051283,0.841025641025641,0.8487179487179487,0.8435897435897436
CricketZ,0.6256410256410256,0.4666666666666667,0.6282051282051282,0.7,0.6794871794871795,0.5897435897435898,0.6641025641025641,0.8205128205128205,0.8051282051282052,0.8128205128205128,0.8,0.8333333333333334,0.8076923076923077,0.7871794871794872,0.782051282051282,0.6666666666666666,0.5076923076923077,0.6794871794871795,0.7461538461538462,0.7512820512820513,0.6923076923076923,0.7307692307692307,0.8358974358974359,0.8205128205128205,0.823076923076923,0.7974358974358975,0.8435897435897436,0.8076923076923077,0.8076923076923077,0.823076923076923,0.8307692307692308,0.8487179487179487,0.8461538461538461,0.8333333333333334,0.8307692307692308,0.841025641025641,0.7974358974358975,0.8179487179487179,0.8205128205128205,0.8256410256410256,0.8307692307692308,0.7923076923076923,0.8282051282051283,0.8179487179487179,0.8435897435897436,0.8384615384615385,0.8307692307692308,0.8358974358974359
Crop,0.5463095238095238,0.6472023809523809,0.6349404761904762,0.7095238095238096,0.6791666666666667,0.6807738095238095,0.6748214285714286,0.7496428571428572,0.7336309523809523,0.7547619047619047,0.7358333333333333,0.7594642857142857,0.7345833333333334,0.7395833333333334,0.7277976190476191,0.5845833333333333,0.6716071428571428,0.6994642857142858,0.7359523809523809,0.7293452380952381,0.7282142857142857,0.7291071428571428,0.7567261904761905,0.7531547619047619,0.7616071428571428,0.7560714285714286,0.7680357142857143,0.7618452380952381,0.7666071428571428,0.7616071428571428,0.7629166666666667,0.7680357142857143,0.763154761904762,0.7668452380952381,0.7632738095238095,0.74875,0.7616071428571428,0.7664285714285715,0.7676785714285714,0.7644642857142857,0.7613095238095238,0.76375,0.755297619047619,0.7716666666666666,0.7614880952380952,0.7793452380952381,0.7764880952380953,0.7747619047619048
DiatomSizeReduction,0.9281045751633988,0.8104575163398693,0.9215686274509804,0.915032679738562,0.954248366013072,0.934640522875817,0.9444444444444444,0.9248366013071896,0.954248366013072,0.9477124183006536,0.9509803921568628,0.915032679738562,0.954248366013072,0.9248366013071896,0.954248366013072,0.931372549019608,0.8006535947712419,0.931372549019608,0.9411764705882352,0.9640522875816994,0.9607843137254902,0.9575163398692812,0.9705882352941176,0.9640522875816994,0.9607843137254902,0.9640522875816994,0.9607843137254902,0.9673202614379084,0.9640522875816994,0.9640522875816994,0.9607843137254902,0.9673202614379084,0.9411764705882352,0.9477124183006536,0.9411764705882352,0.9281045751633988,0.9836601307189542,0.9803921568627452,0.9705882352941176,0.954248366013072,0.9705882352941176,0.9640522875816994,0.934640522875817,0.9281045751633988,0.9215686274509804,0.9673202614379084,0.9640522875816994,0.9607843137254902
DistalPhalanxOutlineAgeGroup,0.7482014388489209,0.7338129496402878,0.7338129496402878,0.7841726618705036,0.7697841726618705,0.7553956834532374,0.7697841726618705,0.7553956834532374,0.7769784172661871,0.7697841726618705,0.7841726618705036,0.7482014388489209,0.7769784172661871,0.762589928057554,0.7769784172661871,0.7410071942446043,0.762589928057554,0.7482014388489209,0.7913669064748201,0.7697841726618705,0.7553956834532374,0.7553956834532374,0.7482014388489209,0.7841726618705036,0.7841726618705036,0.7913669064748201,0.762589928057554,0.7913669064748201,0.7769784172661871,0.7985611510791367,0.7697841726618705,0.7841726618705036,0.7482014388489209,0.762589928057554,0.7769784172661871,0.7266187050359713,0.7553956834532374,0.7769784172661871,0.7769784172661871,0.7841726618705036,0.7769784172661871,0.7697841726618705,0.7553956834532374,0.7482014388489209,0.7769784172661871,0.7697841726618705,0.7769784172661871,0.7697841726618705
DistalPhalanxOutlineCorrect,0.7355072463768116,0.7572463768115942,0.7898550724637681,0.7789855072463768,0.7608695652173914,0.7789855072463768,0.7608695652173914,0.7862318840579711,0.7898550724637681,0.7789855072463768,0.8079710144927537,0.7753623188405797,0.7789855072463768,0.7753623188405797,0.7753623188405797,0.7572463768115942,0.7717391304347826,0.7862318840579711,0.7681159420289855,0.7789855072463768,0.7789855072463768,0.7717391304347826,0.8043478260869565,0.8043478260869565,0.7753623188405797,0.8115942028985508,0.8043478260869565,0.8115942028985508,0.7862318840579711,0.8115942028985508,0.8043478260869565,0.782608695652174,0.782608695652174,0.7717391304347826,0.7789855072463768,0.7898550724637681,0.7898550724637681,0.7971014492753623,0.7934782608695652,0.7862318840579711,0.7971014492753623,0.8007246376811594,0.7898550724637681,0.7753623188405797,0.7934782608695652,0.782608695652174,0.7934782608695652,0.8007246376811594
DistalPhalanxTW,0.6618705035971223,0.6618705035971223,0.6762589928057554,0.7122302158273381,0.6690647482014388,0.6834532374100719,0.6906474820143885,0.7122302158273381,0.697841726618705,0.7122302158273381,0.6690647482014388,0.697841726618705,0.6690647482014388,0.7050359712230215,0.6834532374100719,0.6762589928057554,0.6546762589928058,0.6618705035971223,0.697841726618705,0.6474820143884892,0.6834532374100719,0.6618705035971223,0.697841726618705,0.6834532374100719,0.7122302158273381,0.6762589928057554,0.6906474820143885,0.6906474820143885,0.697841726618705,0.6834532374100719,0.697841726618705,0.697841726618705,0.7050359712230215,0.6834532374100719,0.6906474820143885,0.6906474820143885,0.7338129496402878,0.6906474820143885,0.6834532374100719,0.6834532374100719,0.6474820143884892,0.7122302158273381,0.7050359712230215,0.7194244604316546,0.697841726618705,0.697841726618705,0.7050359712230215,0.6906474820143885
DodgerLoopDay,0.275,0.3125,0.25,0.4,0.2625,0.3,0.3,0.6375,0.5875,0.5625,0.5625,0.6125,0.6125,0.5625,0.5375,0.35,0.3625,0.3125,0.4,0.3125,0.425,0.325,0.625,0.55,0.5625,0.5625,0.5875,0.5375,0.55,0.5375,0.6125,0.5625,0.5625,0.5375,0.5375,0.575,0.525,0.5625,0.55,0.525,0.475,0.5625,0.5375,0.6125,0.6,0.5625,0.5875,0.6
DodgerLoopGame,0.8188405797101449,0.6014492753623188,0.7971014492753623,0.6159420289855072,0.7971014492753623,0.5797101449275363,0.8260869565217391,0.8478260869565217,0.8623188405797102,0.8115942028985508,0.8188405797101449,0.8115942028985508,0.8260869565217391,0.7971014492753623,0.8188405797101449,0.8188405797101449,0.6231884057971014,0.8043478260869565,0.7028985507246377,0.8043478260869565,0.6666666666666666,0.8043478260869565,0.855072463768116,0.8623188405797102,0.8260869565217391,0.8333333333333334,0.8188405797101449,0.8260869565217391,0.8115942028985508,0.8115942028985508,0.8478260869565217,0.8333333333333334,0.8115942028985508,0.8260869565217391,0.8188405797101449,0.7971014492753623,0.8840579710144928,0.8768115942028986,0.8333333333333334,0.8043478260869565,0.8260869565217391,0.8115942028985508,0.7971014492753623,0.8478260869565217,0.8043478260869565,0.8260869565217391,0.8260869565217391,0.8333333333333334
DodgerLoopWeekend,0.8985507246376812,0.8115942028985508,0.8768115942028986,0.8695652173913043,0.8840579710144928,0.8478260869565217,0.8623188405797102,0.9855072463768116,0.9782608695652174,0.9782608695652174,0.9637681159420288,0.9782608695652174,0.9710144927536232,0.9637681159420288,0.9565217391304348,0.9057971014492754,0.8913043478260869,0.9420289855072465,0.9420289855072465,0.9420289855072465,0.9420289855072465,0.9492753623188406,0.9855072463768116,0.9855072463768116,0.9782608695652174,0.9782608695652174,0.9782608695652174,0.9782608695652174,0.9782608695652174,0.9782608695652174,0.9782608695652174,0.9782608695652174,0.9782608695652174,0.9782608695652174,0.9782608695652174,0.9855072463768116,0.9782608695652174,0.9782608695652174,0.9782608695652174,0.9782608695652174,0.9782608695652174,0.9782608695652174,0.9710144927536232,0.9855072463768116,0.9782608695652174,0.9782608695652174,0.9782608695652174,0.9782608695652174
ECG200,0.89,0.84,0.83,0.84,0.87,0.85,0.88,0.91,0.9,0.9,0.9,0.92,0.89,0.9,0.87,0.87,0.79,0.89,0.9,0.9,0.83,0.88,0.92,0.91,0.89,0.89,0.92,0.91,0.89,0.88,0.91,0.91,0.9,0.89,0.91,0.91,0.9,0.9,0.9,0.92,0.91,0.91,0.89,0.92,0.91,0.92,0.91,0.92
ECG5000,0.9384444444444444,0.932,0.9391111111111112,0.9431111111111112,0.9433333333333334,0.9328888888888888,0.9428888888888888,0.9437777777777778,0.9424444444444444,0.9448888888888888,0.9444444444444444,0.9457777777777778,0.9451111111111112,0.9453333333333334,0.9444444444444444,0.94,0.9355555555555556,0.9457777777777778,0.9446666666666668,0.9466666666666668,0.9446666666666668,0.9455555555555556,0.9435555555555556,0.9444444444444444,0.9444444444444444,0.9462222222222222,0.9464444444444444,0.9462222222222222,0.946,0.9457777777777778,0.944,0.9453333333333334,0.9455555555555556,0.9453333333333334,0.946,0.9453333333333334,0.9433333333333334,0.9457777777777778,0.9468888888888888,0.9455555555555556,0.9431111111111112,0.9471111111111112,0.9464444444444444,0.9448888888888888,0.9455555555555556,0.9462222222222222,0.946,0.9464444444444444
ECGFiveDays,0.9976771196283392,0.9128919860627178,0.9988385598141696,1.0,1.0,0.9953542392566784,1.0,1.0,0.9965156794425089,0.9976771196283392,0.9988385598141696,1.0,1.0,0.9988385598141696,1.0,0.9976771196283392,0.89198606271777,1.0,0.9988385598141696,1.0,0.9907084785133564,1.0,1.0,1.0,1.0,1.0,1.0,1.0,1.0,1.0,0.9976771196283392,1.0,1.0,1.0,0.9988385598141696,1.0,0.994192799070848,1.0,1.0,1.0,1.0,0.9976771196283392,1.0,1.0,1.0,1.0,1.0,1.0
EOGHorizontalSignal,0.3121546961325966,0.2292817679558011,0.3397790055248619,0.4751381215469613,0.5441988950276243,0.4668508287292817,0.4779005524861878,0.5773480662983426,0.5662983425414365,0.5441988950276243,0.5662983425414365,0.5911602209944752,0.6022099447513812,0.5552486187845304,0.5911602209944752,0.3701657458563536,0.2734806629834254,0.361878453038674,0.56353591160221,0.5662983425414365,0.5138121546961326,0.5497237569060773,0.5994475138121547,0.6104972375690608,0.6187845303867403,0.585635359116022,0.6408839779005525,0.6325966850828729,0.5966850828729282,0.585635359116022,0.638121546961326,0.6629834254143646,0.5883977900552486,0.6298342541436464,0.6464088397790055,0.5966850828729282,0.6546961325966851,0.643646408839779,0.649171270718232,0.6077348066298343,0.6215469613259669,0.649171270718232,0.6325966850828729,0.6132596685082873,0.6049723756906077,0.6546961325966851,0.649171270718232,0.6574585635359116
EOGVerticalSignal,0.3453038674033149,0.2044198895027624,0.3204419889502762,0.3756906077348066,0.4033149171270718,0.3425414364640884,0.3950276243093922,0.5276243093922652,0.5220994475138122,0.4668508287292817,0.4116022099447514,0.4917127071823204,0.4696132596685083,0.4419889502762431,0.4447513812154696,0.3701657458563536,0.2596685082872928,0.3342541436464088,0.4502762430939226,0.43646408839779,0.3812154696132597,0.4088397790055249,0.5883977900552486,0.4696132596685083,0.4585635359116022,0.4613259668508287,0.5138121546961326,0.5220994475138122,0.4613259668508287,0.4723756906077348,0.4972375690607735,0.5193370165745856,0.4917127071823204,0.5138121546961326,0.5138121546961326,0.5,0.5220994475138122,0.5441988950276243,0.5220994475138122,0.5,0.494475138121547,0.5027624309392266,0.5331491712707183,0.5027624309392266,0.4917127071823204,0.5276243093922652,0.511049723756906,0.5359116022099447
Earthquakes,0.7482014388489209,0.7482014388489209,0.7482014388489209,0.7482014388489209,0.7482014388489209,0.7482014388489209,0.7482014388489209,0.7482014388489209,0.7482014388489209,0.7482014388489209,0.7482014388489209,0.7482014388489209,0.7482014388489209,0.7482014388489209,0.7482014388489209,0.7482014388489209,0.7482014388489209,0.7482014388489209,0.7482014388489209,0.7482014388489209,0.7482014388489209,0.7482014388489209,0.7482014388489209,0.7482014388489209,0.7482014388489209,0.7482014388489209,0.7482014388489209,0.7482014388489209,0.7482014388489209,0.7482014388489209,0.7482014388489209,0.7482014388489209,0.7482014388489209,0.7482014388489209,0.7482014388489209,0.7482014388489209,0.7482014388489209,0.7482014388489209,0.7482014388489209,0.7482014388489209,0.7482014388489209,0.7482014388489209,0.7482014388489209,0.7482014388489209,0.7482014388489209,0.7482014388489209,0.7482014388489209,0.7482014388489209
ElectricDevices,0.5926598365970691,0.7031513422383607,0.6875891583452212,0.7171573077421864,0.7216962780443522,0.736480352742835,0.7274024121385034,0.740500583581896,0.7244196602256516,0.740500583581896,0.7541174944883932,0.7508753728439891,0.7508753728439891,0.7510050577097652,0.7532097004279601,0.6005706134094151,0.6957593048891194,0.7168979380106342,0.7222150175074569,0.7194916353261575,0.7145636104266632,0.7288289456620413,0.73258980676955,0.7216962780443522,0.7307742186486837,0.7324601219037739,0.7270133575411749,0.7368694073401634,0.7293476851251459,0.7406302684476721,0.7368694073401634,0.7258461937491895,0.7406302684476721,0.7414083776423291,0.7293476851251459,0.7408896381792245,0.680326805861756,0.7213072234470237,0.7274024121385034,0.7286992607962651,0.7250680845545325,0.7130073920373492,0.7153417196213202,0.7337569705615354,0.7480223057969135,0.7353131889508494,0.7390740500583582,0.7354428738166257
EthanolLevel,0.308,0.358,0.34,0.496,0.426,0.408,0.346,0.594,0.552,0.596,0.498,0.564,0.522,0.516,0.496,0.328,0.362,0.358,0.518,0.458,0.45,0.454,0.636,0.614,0.616,0.588,0.626,0.584,0.596,0.584,0.606,0.624,0.606,0.616,0.61,0.572,0.652,0.622,0.624,0.6,0.608,0.61,0.566,0.604,0.582,0.632,0.624,0.638
FaceAll,0.8029585798816568,0.8485207100591716,0.8520710059171598,0.7964497041420119,0.8863905325443787,0.8035502958579882,0.8804733727810651,0.8035502958579882,0.8704142011834319,0.8047337278106509,0.8739644970414201,0.8005917159763314,0.834319526627219,0.7958579881656804,0.8804733727810651,0.8017751479289941,0.8650887573964497,0.8828402366863906,0.8165680473372781,0.8698224852071006,0.8650887573964497,0.8917159763313609,0.7964497041420119,0.8751479289940829,0.8810650887573964,0.9059171597633136,0.814792899408284,0.8532544378698225,0.8692307692307693,0.9118343195266272,0.7928994082840237,0.7917159763313609,0.8,0.7881656804733728,0.8059171597633136,0.8307692307692308,0.7994082840236686,0.7822485207100591,0.8142011834319527,0.8733727810650888,0.772189349112426,0.8455621301775148,0.9325443786982248,0.8059171597633136,0.8023668639053254,0.8017751479289941,0.7994082840236686,0.7994082840236686
FaceFour,0.5113636363636364,0.7613636363636364,0.6590909090909091,0.8181818181818182,0.7727272727272727,0.75,0.7272727272727273,0.9886363636363636,0.9431818181818182,0.9318181818181818,0.9545454545454546,0.9545454545454546,0.9318181818181818,0.9318181818181818,0.9204545454545454,0.5681818181818182,0.8295454545454546,0.8068181818181818,0.8863636363636364,0.8068181818181818,0.8863636363636364,0.8068181818181818,0.9659090909090908,0.9204545454545454,0.9318181818181818,0.8863636363636364,0.9318181818181818,0.8863636363636364,0.9090909090909092,0.875,0.9318181818181818,0.9318181818181818,0.9431818181818182,0.9659090909090908,0.9318181818181818,0.9431818181818182,0.9090909090909092,0.9090909090909092,0.9204545454545454,0.9204545454545454,0.9431818181818182,0.9318181818181818,0.9545454545454546,0.9886363636363636,0.9545454545454546,0.9318181818181818,0.9318181818181818,0.9318181818181818
FacesUCR,0.7273170731707317,0.82,0.8195121951219512,0.9121951219512195,0.8946341463414634,0.8868292682926829,0.8785365853658537,0.9590243902439024,0.944390243902439,0.9536585365853658,0.9419512195121952,0.9526829268292684,0.9404878048780488,0.9458536585365852,0.9234146341463416,0.7736585365853659,0.8595121951219512,0.8751219512195122,0.9243902439024392,0.915609756097561,0.9185365853658536,0.9190243902439024,0.96,0.9517073170731708,0.9565853658536584,0.9473170731707315,0.9580487804878048,0.9497560975609756,0.953170731707317,0.9419512195121952,0.9604878048780487,0.9590243902439024,0.9536585365853658,0.9507317073170732,0.9595121951219512,0.9546341463414634,0.9556097560975608,0.9551219512195122,0.9609756097560976,0.9541463414634146,0.9380487804878048,0.962439024390244,0.9585365853658536,0.9595121951219512,0.9551219512195122,0.962439024390244,0.9609756097560976,0.9614634146341464
FiftyWords,0.4505494505494505,0.6725274725274726,0.654945054945055,0.8197802197802198,0.7648351648351648,0.7714285714285715,0.7516483516483516,0.8373626373626374,0.810989010989011,0.8461538461538461,0.8021978021978022,0.8461538461538461,0.8087912087912088,0.8,0.8021978021978022,0.4769230769230769,0.7120879120879121,0.7120879120879121,0.810989010989011,0.8131868131868132,0.8021978021978022,0.7648351648351648,0.843956043956044,0.8219780219780219,0.8285714285714286,0.8285714285714286,0.8395604395604396,0.8241758241758241,0.832967032967033,0.8175824175824176,0.8549450549450549,0.8527472527472527,0.8285714285714286,0.8241758241758241,0.8571428571428571,0.8461538461538461,0.8285714285714286,0.8263736263736263,0.8483516483516483,0.8197802197802198,0.7934065934065934,0.843956043956044,0.8131868131868132,0.8417582417582418,0.8571428571428571,0.8571428571428571,0.8527472527472527,0.8593406593406593
Fish,0.7828571428571428,0.8857142857142857,0.8914285714285715,0.9828571428571428,0.9657142857142856,0.9828571428571428,0.9485714285714286,0.9828571428571428,0.9714285714285714,0.9771428571428572,0.96,0.9828571428571428,0.9657142857142856,0.9657142857142856,0.9714285714285714,0.8285714285714286,0.9142857142857144,0.8971428571428571,0.9714285714285714,0.9714285714285714,0.9714285714285714,0.9485714285714286,0.9885714285714284,0.9714285714285714,0.9657142857142856,0.9542857142857144,0.9714285714285714,0.9657142857142856,0.9714285714285714,0.96,0.9714285714285714,0.9771428571428572,0.9771428571428572,0.9828571428571428,0.9828571428571428,0.9771428571428572,0.9657142857142856,0.9714285714285714,0.9828571428571428,0.9771428571428572,0.9714285714285714,0.9771428571428572,0.9828571428571428,0.9771428571428572,0.9828571428571428,0.9828571428571428,0.9828571428571428,0.9885714285714284
FordA,0.981060606060606,0.9712121212121212,0.9833333333333332,0.956060606060606,0.9863636363636364,0.956060606060606,0.981060606060606,0.9462121212121212,0.9818181818181818,0.968939393939394,0.9833333333333332,0.9553030303030304,0.9772727272727272,0.9522727272727272,0.981060606060606,0.9848484848484848,0.9659090909090908,0.9848484848484848,0.9583333333333334,0.9863636363636364,0.9659090909090908,0.9848484848484848,0.9515151515151516,0.987121212121212,0.9651515151515152,0.9856060606060606,0.95,0.9848484848484848,0.9659090909090908,0.987121212121212,0.9484848484848484,0.9537878787878789,0.9575757575757576,0.956060606060606,0.9454545454545454,0.9545454545454546,0.9075757575757576,0.9537878787878789,0.953030303030303,0.9553030303030304,0.9590909090909092,0.9424242424242424,0.9454545454545454,0.9477272727272728,0.956060606060606,0.9583333333333334,0.9553030303030304,0.9575757575757576
FordB,0.817283950617284,0.8345679012345679,0.845679012345679,0.8246913580246914,0.8345679012345679,0.837037037037037,0.8333333333333334,0.8148148148148148,0.8382716049382716,0.817283950617284,0.8358024691358025,0.8234567901234567,0.8308641975308642,0.8185185185185185,0.8432098765432099,0.8320987654320988,0.8395061728395061,0.8407407407407408,0.8185185185185185,0.8493827160493828,0.8419753086419753,0.8382716049382716,0.8074074074074075,0.8382716049382716,0.8358024691358025,0.8382716049382716,0.837037037037037,0.8382716049382716,0.8148148148148148,0.8469135802469135,0.8098765432098766,0.8234567901234567,0.8320987654320988,0.837037037037037,0.8197530864197531,0.8123456790123457,0.7703703703703704,0.8246913580246914,0.8320987654320988,0.837037037037037,0.837037037037037,0.8,0.8148148148148148,0.8160493827160494,0.8234567901234567,0.8333333333333334,0.8320987654320988,0.8382716049382716
FreezerRegularTrain,0.9221052631578948,0.9992982456140352,0.9992982456140352,0.9996491228070176,0.9992982456140352,0.9996491228070176,0.9992982456140352,0.9996491228070176,0.9992982456140352,0.9996491228070176,0.9992982456140352,0.9996491228070176,0.9989473684210526,0.9996491228070176,0.9992982456140352,0.9424561403508772,0.9978947368421052,0.9982456140350876,0.9996491228070176,0.9996491228070176,0.9989473684210526,0.9992982456140352,0.9992982456140352,0.9982456140350876,0.9996491228070176,0.9996491228070176,0.9996491228070176,0.9996491228070176,0.9996491228070176,0.9996491228070176,0.9992982456140352,0.9996491228070176,1.0,0.9996491228070176,0.9996491228070176,0.9996491228070176,0.99859649122807,0.9992982456140352,0.9996491228070176,0.9996491228070176,0.9996491228070176,0.9992982456140352,0.9992982456140352,0.9996491228070176,0.9996491228070176,0.9996491228070176,0.9996491228070176,0.9996491228070176
FreezerSmallTrain,0.7066666666666667,0.9929824561403509,0.912280701754386,0.996842105263158,0.9557894736842104,0.9947368421052633,0.980701754385965,0.9628070175438596,0.9540350877192982,0.9919298245614036,0.9849122807017544,0.9817543859649124,0.9852631578947368,0.9978947368421052,0.9905263157894736,0.7028070175438597,0.9866666666666668,0.8449122807017544,0.9940350877192984,0.9357894736842104,0.9943859649122808,0.975438596491228,0.9624561403508772,0.9259649122807018,0.9821052631578948,0.9768421052631578,0.996140350877193,0.983157894736842,0.9964912280701754,0.9863157894736844,0.9926315789473684,0.995438596491228,0.9929824561403509,0.996842105263158,0.995438596491228,0.990877192982456,0.896140350877193,0.9891228070175438,0.9943859649122808,0.9940350877192984,0.9936842105263158,0.9929824561403509,0.995438596491228,0.9628070175438596,0.992280701754386,0.9950877192982456,0.995438596491228,0.995438596491228
Fungi,0.6397849462365591,0.9032258064516128,0.7956989247311828,0.9946236559139784,0.9032258064516128,0.9516129032258064,0.8924731182795699,1.0,0.9516129032258064,0.989247311827957,0.935483870967742,0.9946236559139784,0.9731182795698924,0.989247311827957,0.967741935483871,0.8118279569892473,0.946236559139785,0.8978494623655914,0.9946236559139784,0.946236559139785,0.989247311827957,0.935483870967742,1.0,0.9301075268817204,0.9946236559139784,0.935483870967742,1.0,0.946236559139785,0.9946236559139784,0.9731182795698924,1.0,1.0,1.0,1.0,0.9946236559139784,0.9946236559139784,0.9946236559139784,1.0,0.9946236559139784,1.0,1.0,0.9946236559139784,0.9946236559139784,1.0,1.0,1.0,1.0,1.0
GestureMidAirD1,0.3923076923076923,0.4923076923076923,0.5538461538461539,0.7615384615384615,0.7384615384615385,0.7230769230769231,0.7230769230769231,0.7461538461538462,0.6923076923076923,0.7076923076923077,0.7153846153846154,0.7692307692307693,0.7076923076923077,0.7384615384615385,0.7230769230769231,0.4307692307692308,0.5307692307692308,0.5538461538461539,0.8,0.7307692307692307,0.7769230769230769,0.7230769230769231,0.7384615384615385,0.7153846153846154,0.7538461538461538,0.7076923076923077,0.7692307692307693,0.7384615384615385,0.7615384615384615,0.7307692307692307,0.7615384615384615,0.7692307692307693,0.7692307692307693,0.7846153846153846,0.7538461538461538,0.7615384615384615,0.7692307692307693,0.8,0.7923076923076923,0.7846153846153846,0.7923076923076923,0.7538461538461538,0.7538461538461538,0.7461538461538462,0.7384615384615385,0.7769230769230769,0.7692307692307693,0.7538461538461538
GestureMidAirD2,0.4,0.4153846153846154,0.4692307692307692,0.6307692307692307,0.6230769230769231,0.5923076923076923,0.6384615384615384,0.6384615384615384,0.5923076923076923,0.6230769230769231,0.5846153846153846,0.6538461538461539,0.6538461538461539,0.6538461538461539,0.6538461538461539,0.4769230769230769,0.4230769230769231,0.5153846153846153,0.6923076923076923,0.7,0.6538461538461539,0.6692307692307692,0.6461538461538462,0.5923076923076923,0.6615384615384615,0.6230769230769231,0.6846153846153846,0.6692307692307692,0.7076923076923077,0.6384615384615384,0.6846153846153846,0.7,0.6846153846153846,0.6846153846153846,0.6923076923076923,0.6538461538461539,0.6846153846153846,0.6846153846153846,0.6923076923076923,0.7153846153846154,0.6923076923076923,0.676923076923077,0.6538461538461539,0.6307692307692307,0.6692307692307692,0.676923076923077,0.7,0.7076923076923077
GestureMidAirD3,0.3,0.3,0.3615384615384615,0.5307692307692308,0.5230769230769231,0.4230769230769231,0.4769230769230769,0.4384615384615384,0.4076923076923077,0.4,0.4461538461538462,0.4769230769230769,0.5153846153846153,0.4846153846153846,0.4692307692307692,0.3153846153846154,0.3692307692307692,0.3692307692307692,0.5153846153846153,0.4923076923076923,0.5076923076923077,0.4461538461538462,0.4692307692307692,0.4384615384615384,0.4846153846153846,0.4384615384615384,0.5153846153846153,0.4769230769230769,0.5153846153846153,0.4769230769230769,0.5076923076923077,0.5,0.5,0.5230769230769231,0.5,0.5,0.5,0.5076923076923077,0.5230769230769231,0.5,0.4769230769230769,0.4846153846153846,0.4769230769230769,0.4307692307692308,0.4846153846153846,0.4846153846153846,0.4769230769230769,0.5153846153846153
GesturePebbleZ1,0.6569767441860465,0.5813953488372093,0.7209302325581395,0.7674418604651163,0.7848837209302325,0.6627906976744186,0.75,0.9011627906976744,0.8895348837209303,0.9127906976744186,0.8953488372093024,0.9127906976744186,0.8837209302325582,0.9011627906976744,0.8895348837209303,0.686046511627907,0.5755813953488372,0.7906976744186046,0.7848837209302325,0.8430232558139535,0.75,0.8430232558139535,0.9069767441860463,0.8953488372093024,0.9186046511627908,0.872093023255814,0.9127906976744186,0.9011627906976744,0.9244186046511628,0.877906976744186,0.9011627906976744,0.9186046511627908,0.9186046511627908,0.9186046511627908,0.9127906976744186,0.9127906976744186,0.9011627906976744,0.9011627906976744,0.9186046511627908,0.9186046511627908,0.9302325581395348,0.9069767441860463,0.9127906976744186,0.9011627906976744,0.9127906976744186,0.9186046511627908,0.9186046511627908,0.9186046511627908
GesturePebbleZ2,0.5506329113924051,0.569620253164557,0.6708860759493671,0.5759493670886076,0.7151898734177216,0.5949367088607594,0.6708860759493671,0.8354430379746836,0.8227848101265823,0.8417721518987342,0.8227848101265823,0.8417721518987342,0.8037974683544303,0.8164556962025317,0.7911392405063291,0.6645569620253164,0.5316455696202531,0.7278481012658228,0.7468354430379747,0.7911392405063291,0.7088607594936709,0.7784810126582279,0.8670886075949367,0.8544303797468354,0.8670886075949367,0.8227848101265823,0.8544303797468354,0.8417721518987342,0.8544303797468354,0.8481012658227848,0.8481012658227848,0.8481012658227848,0.8734177215189873,0.8481012658227848,0.8544303797468354,0.8734177215189873,0.879746835443038,0.8544303797468354,0.8607594936708861,0.8544303797468354,0.879746835443038,0.8734177215189873,0.8734177215189873,0.8544303797468354,0.8354430379746836,0.8544303797468354,0.8417721518987342,0.8607594936708861
GunPoint,0.8066666666666666,0.9733333333333334,0.96,1.0,0.9866666666666668,0.9866666666666668,0.9866666666666668,0.9933333333333332,0.9866666666666668,0.9866666666666668,0.9866666666666668,1.0,0.9866666666666668,0.9866666666666668,0.9866666666666668,0.86,0.9733333333333334,0.94,1.0,0.9933333333333332,0.9866666666666668,0.98,0.9933333333333332,0.9933333333333332,0.9866666666666668,0.9866666666666668,1.0,1.0,0.9866666666666668,0.9866666666666668,0.9933333333333332,1.0,1.0,1.0,1.0,1.0,1.0,1.0,1.0,1.0,1.0,1.0,0.9666666666666668,0.9933333333333332,1.0,1.0,1.0,1.0
GunPointAgeSpan,0.8924050632911392,0.990506329113924,0.9936708860759492,0.9968354430379748,0.9936708860759492,0.9968354430379748,1.0,0.9936708860759492,0.990506329113924,0.9968354430379748,0.990506329113924,0.9936708860759492,0.9968354430379748,1.0,0.9936708860759492,0.9240506329113924,0.9936708860759492,0.990506329113924,1.0,0.9968354430379748,0.9968354430379748,0.9968354430379748,1.0,0.9936708860759492,1.0,0.9968354430379748,1.0,0.9968354430379748,1.0,1.0,1.0,1.0,1.0,1.0,1.0,0.9968354430379748,0.9936708860759492,1.0,1.0,1.0,1.0,1.0,1.0,0.9968354430379748,0.9936708860759492,1.0,1.0,1.0
GunPointMaleVersusFemale,0.9683544303797468,0.9968354430379748,0.9936708860759492,1.0,0.9968354430379748,0.9968354430379748,1.0,1.0,0.9968354430379748,1.0,1.0,1.0,1.0,1.0,1.0,0.9746835443037974,0.990506329113924,0.990506329113924,1.0,0.9968354430379748,0.9968354430379748,1.0,1.0,1.0,1.0,1.0,1.0,1.0,1.0,1.0,1.0,1.0,1.0,1.0,1.0,1.0,1.0,1.0,1.0,1.0,1.0,1.0,0.9968354430379748,1.0,1.0,1.0,1.0,1.0
GunPointOldVersusYoung,1.0,0.9968253968253968,1.0,1.0,1.0,1.0,1.0,1.0,1.0,1.0,1.0,1.0,1.0,1.0,1.0,1.0,1.0,1.0,1.0,1.0,1.0,1.0,1.0,1.0,1.0,1.0,1.0,1.0,1.0,1.0,1.0,1.0,1.0,1.0,1.0,1.0,1.0,1.0,1.0,1.0,1.0,1.0,1.0,1.0,1.0,1.0,1.0,1.0
Ham,0.6571428571428571,0.6,0.6476190476190476,0.7047619047619048,0.6095238095238096,0.6571428571428571,0.6857142857142857,0.6952380952380952,0.7142857142857143,0.7238095238095238,0.7428571428571429,0.7333333333333333,0.7333333333333333,0.6761904761904762,0.7238095238095238,0.638095238095238,0.580952380952381,0.6761904761904762,0.6952380952380952,0.7142857142857143,0.6476190476190476,0.6666666666666666,0.6952380952380952,0.7333333333333333,0.7333333333333333,0.7238095238095238,0.7238095238095238,0.7142857142857143,0.7428571428571429,0.7523809523809524,0.7333333333333333,0.7523809523809524,0.7142857142857143,0.6952380952380952,0.7428571428571429,0.7428571428571429,0.7142857142857143,0.7142857142857143,0.7428571428571429,0.6857142857142857,0.6761904761904762,0.7047619047619048,0.7238095238095238,0.7238095238095238,0.7333333333333333,0.7428571428571429,0.7333333333333333,0.7238095238095238
HandOutlines,0.8054054054054054,0.6675675675675675,0.7,0.9324324324324323,0.9378378378378378,0.927027027027027,0.9,0.9378378378378378,0.9324324324324323,0.927027027027027,0.9054054054054054,0.9351351351351352,0.9243243243243244,0.9243243243243244,0.9297297297297298,0.8351351351351352,0.7135135135135136,0.7945945945945946,0.9486486486486486,0.9351351351351352,0.9351351351351352,0.9216216216216216,0.9405405405405406,0.9405405405405406,0.9324324324324323,0.9216216216216216,0.9378378378378378,0.945945945945946,0.9351351351351352,0.927027027027027,0.9405405405405406,0.945945945945946,0.9378378378378378,0.9432432432432432,0.9432432432432432,0.9432432432432432,0.945945945945946,0.9486486486486486,0.9486486486486486,0.9378378378378378,0.9432432432432432,0.9486486486486486,0.9378378378378378,0.945945945945946,0.9405405405405406,0.9513513513513514,0.954054054054054,0.9513513513513514
Haptics,0.4675324675324675,0.288961038961039,0.4123376623376623,0.4772727272727273,0.5032467532467533,0.4383116883116883,0.4285714285714285,0.5357142857142857,0.551948051948052,0.4967532467532468,0.5032467532467533,0.5162337662337663,0.5162337662337663,0.5064935064935064,0.5097402597402597,0.4675324675324675,0.3409090909090909,0.4415584415584415,0.4967532467532468,0.5324675324675324,0.5,0.487012987012987,0.5551948051948052,0.564935064935065,0.5324675324675324,0.5292207792207793,0.5551948051948052,0.5714285714285714,0.5227272727272727,0.5422077922077922,0.5194805194805194,0.5324675324675324,0.5227272727272727,0.5422077922077922,0.5422077922077922,0.5292207792207793,0.5064935064935064,0.5551948051948052,0.5422077922077922,0.5487012987012987,0.5357142857142857,0.538961038961039,0.5422077922077922,0.5422077922077922,0.5227272727272727,0.5454545454545454,0.5422077922077922,0.5422077922077922
Herring,0.609375,0.59375,0.59375,0.59375,0.625,0.59375,0.59375,0.65625,0.640625,0.625,0.640625,0.625,0.625,0.59375,0.6875,0.5625,0.640625,0.59375,0.65625,0.59375,0.625,0.609375,0.671875,0.625,0.6875,0.609375,0.6875,0.625,0.59375,0.609375,0.6875,0.703125,0.609375,0.609375,0.6875,0.703125,0.703125,0.6875,0.6875,0.609375,0.59375,0.671875,0.6875,0.703125,0.703125,0.6875,0.671875,0.6875
HouseTwenty,0.9159663865546218,0.9495798319327732,0.9747899159663864,0.957983193277311,0.9747899159663864,0.957983193277311,0.957983193277311,0.9663865546218487,0.9663865546218487,0.9663865546218487,0.957983193277311,0.9663865546218487,0.9663865546218487,0.9747899159663864,0.9747899159663864,0.9495798319327732,0.9663865546218487,0.9831932773109244,0.9747899159663864,0.9831932773109244,0.9747899159663864,0.9831932773109244,0.9831932773109244,0.9747899159663864,0.9831932773109244,0.9915966386554622,0.9747899159663864,0.9915966386554622,0.9663865546218487,0.9747899159663864,0.957983193277311,0.957983193277311,0.9495798319327732,0.9663865546218487,0.9663865546218487,0.9747899159663864,0.8151260504201681,0.9411764705882352,0.9747899159663864,0.957983193277311,0.9243697478991596,0.9663865546218487,0.9747899159663864,0.9663865546218487,0.9747899159663864,0.9747899159663864,0.9747899159663864,0.9915966386554622
InlineSkate,0.4727272727272727,0.4218181818181818,0.4545454545454545,0.4672727272727273,0.4763636363636364,0.4545454545454545,0.46,0.4672727272727273,0.5145454545454545,0.5072727272727273,0.5145454545454545,0.4854545454545454,0.4909090909090909,0.4963636363636363,0.5236363636363637,0.4981818181818181,0.3890909090909091,0.4818181818181818,0.4272727272727272,0.4672727272727273,0.4436363636363636,0.509090909090909,0.46,0.5054545454545455,0.4872727272727272,0.5163636363636364,0.4690909090909091,0.5018181818181818,0.4690909090909091,0.4963636363636363,0.4581818181818182,0.4527272727272727,0.4781818181818182,0.4618181818181818,0.4709090909090909,0.4818181818181818,0.4181818181818181,0.4345454545454545,0.4509090909090909,0.4890909090909091,0.4345454545454545,0.4654545454545454,0.5145454545454545,0.4709090909090909,0.4836363636363636,0.4545454545454545,0.4818181818181818,0.4709090909090909
InsectEPGRegularTrain,0.963855421686747,0.9759036144578314,1.0,0.9919678714859438,1.0,0.9959839357429718,1.0,1.0,1.0,1.0,1.0,1.0,1.0,1.0,1.0,0.9799196787148594,0.9919678714859438,1.0,1.0,1.0,1.0,1.0,1.0,1.0,1.0,1.0,1.0,1.0,1.0,1.0,1.0,1.0,1.0,1.0,1.0,1.0,1.0,1.0,1.0,1.0,1.0,1.0,1.0,1.0,1.0,1.0,1.0,1.0
InsectEPGSmallTrain,0.8995983935742972,0.9076305220883534,1.0,0.9759036144578314,0.9959839357429718,0.9759036144578314,0.9959839357429718,0.9919678714859438,0.9879518072289156,0.9879518072289156,0.9919678714859438,1.0,1.0,0.9919678714859438,1.0,0.9357429718875502,0.9799196787148594,1.0,0.9919678714859438,1.0,1.0,1.0,1.0,1.0,1.0,1.0,1.0,1.0,1.0,1.0,0.9759036144578314,0.9839357429718876,1.0,0.9879518072289156,1.0,1.0,0.9799196787148594,0.9919678714859438,1.0,1.0,0.9959839357429718,1.0,1.0,0.9919678714859438,1.0,1.0,1.0,1.0
InsectWingbeatSound,0.5656565656565656,0.6080808080808081,0.6095959595959596,0.6621212121212121,0.6454545454545455,0.6505050505050505,0.6535353535353535,0.6631313131313131,0.6449494949494949,0.6631313131313131,0.6621212121212121,0.6722222222222223,0.6691919191919192,0.6737373737373737,0.6651515151515152,0.5666666666666667,0.6212121212121212,0.6085858585858586,0.657070707070707,0.6398989898989899,0.6666666666666666,0.6474747474747474,0.6656565656565656,0.647979797979798,0.6742424242424242,0.6651515151515152,0.6722222222222223,0.6616161616161617,0.6757575757575758,0.6575757575757576,0.6863636363636364,0.6767676767676768,0.6666666666666666,0.6631313131313131,0.6838383838383838,0.6696969696969697,0.6691919191919192,0.6787878787878788,0.6666666666666666,0.6611111111111111,0.6378787878787879,0.6732323232323232,0.6585858585858586,0.6702020202020202,0.6702020202020202,0.6702020202020202,0.6722222222222223,0.6727272727272727
ItalyPowerDemand,0.8668610301263362,0.9436345966958212,0.9514091350826044,0.9620991253644317,0.9620991253644317,0.9620991253644317,0.9601554907677357,0.9650145772594751,0.95821185617104,0.9620991253644317,0.9591836734693876,0.9620991253644317,0.9640427599611272,0.9650145772594751,0.967930029154519,0.8765792031098154,0.9620991253644317,0.95821185617104,0.9698736637512148,0.9698736637512148,0.9698736637512148,0.9698736637512148,0.966958211856171,0.9611273080660836,0.967930029154519,0.9659863945578232,0.9689018464528668,0.9689018464528668,0.9689018464528668,0.9708454810495628,0.9698736637512148,0.9689018464528668,0.966958211856171,0.9650145772594751,0.9698736637512148,0.967930029154519,0.9708454810495628,0.9689018464528668,0.9698736637512148,0.9659863945578232,0.9533527696793004,0.9698736637512148,0.9689018464528668,0.9650145772594751,0.9689018464528668,0.9689018464528668,0.966958211856171,0.967930029154519
LargeKitchenAppliances,0.7893333333333333,0.76,0.856,0.7893333333333333,0.864,0.7706666666666667,0.848,0.872,0.8533333333333334,0.8453333333333334,0.8613333333333333,0.8666666666666667,0.8533333333333334,0.8506666666666667,0.8693333333333333,0.8026666666666666,0.824,0.8426666666666667,0.8826666666666667,0.8506666666666667,0.872,0.872,0.888,0.864,0.8933333333333333,0.8666666666666667,0.8853333333333333,0.8826666666666667,0.88,0.872,0.8533333333333334,0.8773333333333333,0.864,0.8826666666666667,0.8666666666666667,0.8613333333333333,0.776,0.8506666666666667,0.8746666666666667,0.88,0.848,0.856,0.8506666666666667,0.8773333333333333,0.88,0.8853333333333333,0.888,0.8826666666666667
Lightning2,0.6721311475409836,0.7049180327868853,0.7704918032786885,0.6721311475409836,0.7540983606557377,0.7377049180327869,0.7704918032786885,0.7377049180327869,0.7540983606557377,0.7213114754098361,0.7540983606557377,0.7049180327868853,0.7704918032786885,0.7377049180327869,0.7377049180327869,0.7049180327868853,0.7377049180327869,0.8032786885245902,0.7049180327868853,0.7704918032786885,0.7213114754098361,0.7213114754098361,0.7540983606557377,0.7868852459016393,0.7377049180327869,0.7704918032786885,0.6885245901639344,0.7540983606557377,0.7049180327868853,0.7049180327868853,0.7540983606557377,0.6721311475409836,0.7377049180327869,0.7213114754098361,0.7213114754098361,0.7704918032786885,0.7049180327868853,0.6885245901639344,0.6885245901639344,0.7213114754098361,0.7377049180327869,0.7540983606557377,0.7377049180327869,0.7377049180327869,0.7049180327868853,0.6885245901639344,0.6721311475409836,0.6721311475409836
Lightning7,0.5753424657534246,0.6164383561643836,0.6575342465753424,0.684931506849315,0.6986301369863014,0.6164383561643836,0.726027397260274,0.8082191780821918,0.8356164383561644,0.8082191780821918,0.8493150684931506,0.8493150684931506,0.8356164383561644,0.7534246575342466,0.8356164383561644,0.5753424657534246,0.6986301369863014,0.7534246575342466,0.7534246575342466,0.7534246575342466,0.7397260273972602,0.7945205479452054,0.8493150684931506,0.8493150684931506,0.8082191780821918,0.8493150684931506,0.821917808219178,0.8493150684931506,0.8082191780821918,0.8493150684931506,0.821917808219178,0.821917808219178,0.8082191780821918,0.8356164383561644,0.8356164383561644,0.8356164383561644,0.7945205479452054,0.8082191780821918,0.821917808219178,0.8082191780821918,0.7534246575342466,0.8356164383561644,0.8082191780821918,0.8082191780821918,0.8356164383561644,0.8493150684931506,0.821917808219178,0.8493150684931506
Mallat,0.9556503198294244,0.9637526652452024,0.9663113006396588,0.904904051172708,0.9680170575692963,0.9650319829424308,0.96545842217484,0.9368869936034117,0.9705756929637528,0.9505330490405116,0.9667377398720682,0.9373134328358208,0.9577825159914712,0.9449893390191898,0.964179104477612,0.9428571428571428,0.9727078891257996,0.9735607675906184,0.9245202558635396,0.956503198294243,0.975266524520256,0.9684434968017056,0.9019189765458422,0.9577825159914712,0.95863539445629,0.9684434968017056,0.92409381663113,0.9547974413646056,0.9590618336886994,0.9735607675906184,0.9181236673773988,0.8997867803837953,0.9100213219616204,0.8989339019189766,0.940724946695096,0.9522388059701492,0.9057569296375266,0.8886993603411514,0.9223880597014924,0.9108742004264392,0.8639658848614072,0.9402985074626866,0.9543710021321962,0.9428571428571428,0.9402985074626866,0.9300639658848614,0.9313432835820896,0.9270788912579956
Meat,0.85,0.8,0.8333333333333334,0.9,0.8833333333333333,0.8833333333333333,0.8666666666666667,0.9666666666666668,0.9666666666666668,0.95,0.95,0.95,0.9333333333333332,0.9333333333333332,0.95,0.8666666666666667,0.8,0.8833333333333333,0.8833333333333333,0.8833333333333333,0.8666666666666667,0.8666666666666667,0.95,0.9666666666666668,0.9333333333333332,0.9166666666666666,0.9333333333333332,0.9333333333333332,0.9,0.9,0.9333333333333332,0.9166666666666666,0.9333333333333332,0.9166666666666666,0.9333333333333332,0.9333333333333332,0.9166666666666666,0.8833333333333333,0.9166666666666666,0.95,0.9,0.9166666666666666,0.95,0.9666666666666668,0.95,0.9333333333333332,0.95,0.9166666666666666
MedicalImages,0.7,0.6868421052631579,0.7407894736842106,0.7513157894736842,0.7736842105263158,0.7223684210526315,0.756578947368421,0.8026315789473685,0.8052631578947368,0.7802631578947369,0.7828947368421053,0.7960526315789473,0.8026315789473685,0.7710526315789473,0.7789473684210526,0.7302631578947368,0.7210526315789474,0.775,0.7684210526315789,0.7802631578947369,0.7644736842105263,0.781578947368421,0.8157894736842105,0.8065789473684211,0.7960526315789473,0.8144736842105263,0.8052631578947368,0.8105263157894737,0.7921052631578948,0.8157894736842105,0.7973684210526316,0.8026315789473685,0.7855263157894737,0.7881578947368421,0.8039473684210526,0.7934210526315789,0.7934210526315789,0.7934210526315789,0.7973684210526316,0.7894736842105263,0.7789473684210526,0.8013157894736842,0.7894736842105263,0.7934210526315789,0.8039473684210526,0.7960526315789473,0.7907894736842105,0.8078947368421052
MelbournePedestrian,0.8519885198851989,0.8864288642886429,0.915539155391554,0.938909389093891,0.932759327593276,0.931119311193112,0.93849938499385,0.959819598195982,0.951619516195162,0.958589585895859,0.948339483394834,0.9618696186961868,0.9528495284952848,0.956949569495695,0.9528495284952848,0.8700287002870029,0.8999589995899959,0.931529315293153,0.947929479294793,0.948339483394834,0.94669946699467,0.948339483394834,0.9618696186961868,0.957359573595736,0.963919639196392,0.95489954899549,0.967609676096761,0.961459614596146,0.959409594095941,0.957359573595736,0.966379663796638,0.963919639196392,0.959409594095941,0.956949569495695,0.962279622796228,0.9589995899959,0.961459614596146,0.959819598195982,0.962279622796228,0.947519475194752,0.948749487494875,0.9589995899959,0.933169331693317,0.959409594095941,0.963509635096351,0.9692496924969248,0.9602296022960228,0.9626896268962688
MiddlePhalanxOutlineAgeGroup,0.6233766233766234,0.6298701298701299,0.6168831168831169,0.551948051948052,0.6168831168831169,0.6103896103896104,0.6493506493506493,0.5909090909090909,0.6363636363636364,0.6298701298701299,0.6493506493506493,0.6298701298701299,0.6493506493506493,0.6363636363636364,0.6233766233766234,0.577922077922078,0.5909090909090909,0.6103896103896104,0.6363636363636364,0.6103896103896104,0.577922077922078,0.6038961038961039,0.6103896103896104,0.5974025974025974,0.6363636363636364,0.6103896103896104,0.6298701298701299,0.6038961038961039,0.6298701298701299,0.6298701298701299,0.6298701298701299,0.6363636363636364,0.6298701298701299,0.6298701298701299,0.6363636363636364,0.6168831168831169,0.6168831168831169,0.6428571428571429,0.6038961038961039,0.6363636363636364,0.5974025974025974,0.6168831168831169,0.5844155844155844,0.6103896103896104,0.5844155844155844,0.6233766233766234,0.6298701298701299,0.6363636363636364
MiddlePhalanxOutlineCorrect,0.8006872852233677,0.7835051546391752,0.8144329896907216,0.8384879725085911,0.8384879725085911,0.852233676975945,0.8247422680412371,0.852233676975945,0.8350515463917526,0.852233676975945,0.8281786941580757,0.8487972508591065,0.8487972508591065,0.8350515463917526,0.8281786941580757,0.7972508591065293,0.8213058419243986,0.8144329896907216,0.852233676975945,0.8625429553264605,0.8591065292096219,0.8487972508591065,0.8625429553264605,0.8350515463917526,0.8556701030927835,0.8591065292096219,0.8419243986254296,0.8556701030927835,0.8556701030927835,0.8384879725085911,0.852233676975945,0.8694158075601375,0.872852233676976,0.8419243986254296,0.8487972508591065,0.872852233676976,0.8591065292096219,0.8591065292096219,0.8591065292096219,0.8350515463917526,0.8316151202749141,0.8556701030927835,0.8487972508591065,0.852233676975945,0.8556701030927835,0.8625429553264605,0.8384879725085911,0.8591065292096219
MiddlePhalanxTW,0.5974025974025974,0.5714285714285714,0.564935064935065,0.538961038961039,0.5909090909090909,0.5844155844155844,0.551948051948052,0.525974025974026,0.5844155844155844,0.551948051948052,0.5844155844155844,0.5324675324675324,0.5454545454545454,0.551948051948052,0.5909090909090909,0.5909090909090909,0.5324675324675324,0.5844155844155844,0.538961038961039,0.5909090909090909,0.5714285714285714,0.5844155844155844,0.5454545454545454,0.5584415584415584,0.551948051948052,0.5714285714285714,0.538961038961039,0.564935064935065,0.5584415584415584,0.5584415584415584,0.564935064935065,0.5324675324675324,0.5324675324675324,0.538961038961039,0.5454545454545454,0.525974025974026,0.6168831168831169,0.5584415584415584,0.5584415584415584,0.525974025974026,0.538961038961039,0.5454545454545454,0.525974025974026,0.538961038961039,0.538961038961039,0.551948051948052,0.5454545454545454,0.538961038961039
MixedShapesRegularTrain,0.9018556701030928,0.9488659793814432,0.9414432989690722,0.979381443298969,0.9731958762886598,0.9752577319587628,0.9698969072164948,0.971958762886598,0.9670103092783504,0.9744329896907216,0.9690721649484536,0.9752577319587628,0.9711340206185568,0.977319587628866,0.9736082474226804,0.9232989690721648,0.9587628865979382,0.961237113402062,0.982680412371134,0.979381443298969,0.982680412371134,0.9777319587628864,0.9777319587628864,0.970721649484536,0.9769072164948454,0.9764948453608248,0.9769072164948454,0.9769072164948454,0.9810309278350516,0.9789690721649484,0.977319587628866,0.982680412371134,0.9781443298969072,0.9789690721649484,0.9806185567010308,0.9731958762886598,0.96659793814433,0.9806185567010308,0.9789690721649484,0.9785567010309278,0.9756701030927836,0.9740206185567012,0.9748453608247424,0.9740206185567012,0.9756701030927836,0.9810309278350516,0.9822680412371134,0.979381443298969
MixedShapesSmallTrain,0.8354639175257732,0.9117525773195876,0.9138144329896908,0.9604123711340208,0.9550515463917526,0.96,0.9463917525773196,0.954639175257732,0.9410309278350516,0.9542268041237112,0.951340206185567,0.9591752577319588,0.9583505154639176,0.9575257731958764,0.9571134020618556,0.8663917525773196,0.934020618556701,0.9385567010309278,0.962061855670103,0.9608247422680412,0.9637113402061857,0.954639175257732,0.96,0.9542268041237112,0.9649484536082474,0.961237113402062,0.96,0.9583505154639176,0.9657731958762886,0.96,0.9542268041237112,0.962061855670103,0.9637113402061857,0.9604123711340208,0.9608247422680412,0.9579381443298968,0.9278350515463918,0.9542268041237112,0.9571134020618556,0.9628865979381444,0.9591752577319588,0.9517525773195876,0.9575257731958764,0.9525773195876288,0.9591752577319588,0.9628865979381444,0.962061855670103,0.9616494845360825
MoteStrain,0.700479233226837,0.7579872204472844,0.7611821086261981,0.9017571884984026,0.8905750798722045,0.8881789137380192,0.8929712460063898,0.9289137380191692,0.9305111821086262,0.9472843450479234,0.9440894568690096,0.9369009584664536,0.9536741214057508,0.9313099041533548,0.9496805111821086,0.7204472843450479,0.7332268370607029,0.7659744408945687,0.9137380191693292,0.8498402555910544,0.8642172523961661,0.8434504792332268,0.922523961661342,0.9033546325878594,0.9440894568690096,0.9105431309904152,0.9408945686900958,0.922523961661342,0.9440894568690096,0.9161341853035144,0.9472843450479234,0.944888178913738,0.922523961661342,0.9313099041533548,0.9464856230031948,0.9289137380191692,0.9113418530351438,0.9217252396166136,0.93370607028754,0.9065495207667732,0.8793929712460063,0.9249201277955272,0.9129392971246006,0.9297124600638976,0.937699680511182,0.9400958466453674,0.9384984025559104,0.9416932907348244
NonInvasiveFetalECGThorax1,0.8666666666666667,0.7119592875318066,0.8727735368956743,0.9353689567430026,0.9129770992366412,0.8916030534351145,0.8997455470737914,0.9455470737913486,0.9353689567430026,0.9404580152671757,0.9307888040712468,0.944529262086514,0.9333333333333332,0.9287531806615776,0.9297709923664124,0.8910941475826972,0.8346055979643766,0.9043256997455472,0.9450381679389313,0.9333333333333332,0.9267175572519084,0.9358778625954198,0.944529262086514,0.9414758269720102,0.9399491094147584,0.9424936386768448,0.9521628498727736,0.9470737913486004,0.9521628498727736,0.9419847328244276,0.9389312977099236,0.9506361323155216,0.944529262086514,0.9511450381679388,0.9475826972010178,0.9409669211195928,0.9394402035623408,0.9496183206106872,0.9496183206106872,0.946055979643766,0.9455470737913486,0.9379134860050892,0.9536895674300254,0.9557251908396946,0.9521628498727736,0.9618320610687024,0.956234096692112,0.9587786259541984
NonInvasiveFetalECGThorax2,0.8895674300254452,0.7755725190839695,0.8875318066157761,0.9389312977099236,0.924173027989822,0.9104325699745548,0.9180661577608142,0.966412213740458,0.9455470737913486,0.9572519083969464,0.9496183206106872,0.9653944020356234,0.9480916030534352,0.9506361323155216,0.9394402035623408,0.9073791348600508,0.850381679389313,0.9078880407124682,0.943002544529262,0.932824427480916,0.931297709923664,0.931297709923664,0.95470737913486,0.9572519083969464,0.9506361323155216,0.9526717557251908,0.9623409669211196,0.957760814249364,0.9552162849872774,0.9511450381679388,0.9603053435114504,0.9608142493638676,0.9572519083969464,0.9582697201017812,0.9592875318066156,0.961323155216285,0.956234096692112,0.9618320610687024,0.9587786259541984,0.9567430025445292,0.9531806615776082,0.9597964376590332,0.9659033078880408,0.9684478371501272,0.9709923664122138,0.9704834605597964,0.9628498727735368,0.9684478371501272
OSULeaf,0.8264462809917356,0.8842975206611571,0.9132231404958676,0.962809917355372,0.9462809917355371,0.9586776859504132,0.962809917355372,0.9586776859504132,0.962809917355372,0.9710743801652892,0.9710743801652892,0.962809917355372,0.9669421487603306,0.9793388429752066,0.9710743801652892,0.8801652892561983,0.9049586776859504,0.962809917355372,0.9338842975206612,0.9586776859504132,0.9545454545454546,0.962809917355372,0.9462809917355371,0.9545454545454546,0.9586776859504132,0.962809917355372,0.9421487603305784,0.9545454545454546,0.9710743801652892,0.9669421487603306,0.9297520661157024,0.950413223140496,0.9586776859504132,0.962809917355372,0.9380165289256198,0.950413223140496,0.71900826446281,0.9090909090909092,0.9214876033057852,0.9462809917355371,0.9462809917355371,0.8842975206611571,0.9545454545454546,0.9462809917355371,0.9586776859504132,0.9545454545454546,0.9545454545454546,0.9545454545454546
OliveOil,0.8666666666666667,0.6666666666666666,0.8333333333333334,0.9333333333333332,0.9333333333333332,0.8666666666666667,0.8666666666666667,0.9333333333333332,0.9333333333333332,0.9333333333333332,0.9,0.9666666666666668,0.9666666666666668,0.9333333333333332,0.9,0.8333333333333334,0.6333333333333333,0.8333333333333334,0.9333333333333332,0.9666666666666668,0.8666666666666667,0.8666666666666667,0.9333333333333332,0.9333333333333332,0.9,0.8666666666666667,0.9333333333333332,0.9,0.9666666666666668,0.9333333333333332,0.9666666666666668,0.9333333333333332,0.9666666666666668,0.9333333333333332,0.9666666666666668,0.9666666666666668,0.9666666666666668,0.9333333333333332,0.9666666666666668,0.9333333333333332,0.9,0.9666666666666668,0.9666666666666668,0.9333333333333332,0.9666666666666668,0.9666666666666668,0.9666666666666668,0.9666666666666668
PLAID,0.7318435754189944,0.8063314711359404,0.8435754189944135,0.7932960893854749,0.8175046554934823,0.7560521415270018,0.8268156424581006,0.9162011173184358,0.8919925512104283,0.9031657355679702,0.9087523277467412,0.9068901303538176,0.9106145251396648,0.8845437616387337,0.8938547486033519,0.7728119180633147,0.8175046554934823,0.8770949720670391,0.8435754189944135,0.8696461824953445,0.8417132216014898,0.8752327746741154,0.9329608938547486,0.9199255121042832,0.9180633147113594,0.936685288640596,0.9124767225325884,0.9292364990689012,0.931098696461825,0.9199255121042832,0.925512104283054,0.9348230912476724,0.9124767225325884,0.9217877094972068,0.9329608938547486,0.888268156424581,0.9329608938547486,0.947858472998138,0.9199255121042832,0.9106145251396648,0.9199255121042832,0.9217877094972068,0.4134078212290503,0.9273743016759776,0.9087523277467412,0.9422718808193667,0.9404096834264432,0.9348230912476724
PhalangesOutlinesCorrect,0.7552447552447552,0.7878787878787878,0.7972027972027972,0.8356643356643356,0.8135198135198135,0.8053613053613053,0.817016317016317,0.8414918414918415,0.8368298368298368,0.8298368298368298,0.8065268065268065,0.8403263403263403,0.8286713286713286,0.8076923076923077,0.8146853146853147,0.7657342657342657,0.803030303030303,0.8216783216783217,0.8321678321678322,0.8344988344988346,0.8321678321678322,0.8146853146853147,0.837995337995338,0.8298368298368298,0.8333333333333334,0.8205128205128205,0.8461538461538461,0.8391608391608392,0.8193473193473193,0.831002331002331,0.8275058275058275,0.8403263403263403,0.8414918414918415,0.837995337995338,0.8356643356643356,0.8228438228438228,0.8333333333333334,0.8508158508158508,0.837995337995338,0.8228438228438228,0.8403263403263403,0.8251748251748252,0.8391608391608392,0.8461538461538461,0.8426573426573427,0.8414918414918415,0.8496503496503497,0.8344988344988346
Phoneme,0.2964135021097046,0.3037974683544304,0.3212025316455696,0.2811181434599156,0.3354430379746835,0.2958860759493671,0.3275316455696203,0.2921940928270042,0.3333333333333333,0.3338607594936709,0.3491561181434599,0.3138185654008439,0.3470464135021097,0.3364978902953586,0.3444092827004219,0.3154008438818565,0.3106540084388186,0.3602320675105485,0.3095991561181435,0.3665611814345991,0.3312236286919831,0.3628691983122363,0.3159282700421941,0.3581223628691983,0.3565400843881856,0.375,0.3459915611814346,0.3713080168776371,0.3591772151898734,0.3713080168776371,0.3164556962025316,0.350210970464135,0.3306962025316455,0.3407172995780591,0.330168776371308,0.3106540084388186,0.2584388185654008,0.3364978902953586,0.3449367088607595,0.3370253164556962,0.3386075949367088,0.3190928270042194,0.2979957805907173,0.2832278481012658,0.3185654008438818,0.3581223628691983,0.3481012658227848,0.3475738396624472
PickupGestureWiimoteZ,0.64,0.6,0.74,0.76,0.7,0.68,0.7,0.84,0.76,0.82,0.78,0.84,0.8,0.84,0.8,0.7,0.68,0.7,0.76,0.76,0.76,0.72,0.84,0.78,0.76,0.78,0.8,0.8,0.8,0.8,0.82,0.84,0.82,0.88,0.82,0.82,0.82,0.88,0.8,0.84,0.78,0.78,0.82,0.84,0.84,0.86,0.84,0.84
PigAirwayPressure,0.1875,0.2596153846153846,0.3317307692307692,0.3221153846153846,0.3076923076923077,0.2451923076923076,0.3221153846153846,0.8653846153846154,0.5865384615384616,0.7403846153846154,0.4375,0.75,0.4375,0.4855769230769231,0.4326923076923077,0.2644230769230769,0.3125,0.3509615384615384,0.3269230769230769,0.3413461538461538,0.3653846153846153,0.3221153846153846,0.6057692307692307,0.3701923076923077,0.4519230769230769,0.3846153846153846,0.5144230769230769,0.3798076923076923,0.4230769230769231,0.3701923076923077,0.2451923076923076,0.5336538461538461,0.8365384615384616,0.903846153846154,0.3028846153846153,0.5721153846153846,0.0673076923076923,0.3125,0.5048076923076923,0.8846153846153846,0.9519230769230768,0.2163461538461538,0.6634615384615384,0.8653846153846154,0.6923076923076923,0.6298076923076923,0.5,0.5961538461538461
PigArtPressure,0.1538461538461538,0.625,0.6442307692307693,0.9903846153846154,0.9759615384615384,0.9807692307692308,0.9615384615384616,0.9855769230769232,0.9807692307692308,0.9903846153846154,0.9807692307692308,0.9807692307692308,0.9951923076923076,0.9855769230769232,0.9951923076923076,0.7163461538461539,0.6586538461538461,0.7019230769230769,0.9326923076923076,0.9230769230769232,0.9375,0.9182692307692308,0.9326923076923076,0.9375,0.9326923076923076,0.8798076923076923,0.9519230769230768,0.9471153846153846,0.9375,0.908653846153846,0.9182692307692308,0.9375,1.0,0.9951923076923076,0.9278846153846154,0.9855769230769232,0.3173076923076923,0.9134615384615384,0.9278846153846154,0.9951923076923076,0.9903846153846154,0.7307692307692307,0.9903846153846154,0.9855769230769232,0.9951923076923076,0.9471153846153846,0.9519230769230768,0.9519230769230768
PigCVP,0.1153846153846153,0.125,0.1153846153846153,0.7932692307692307,0.6778846153846154,0.6057692307692307,0.3942307692307692,0.9423076923076924,0.8990384615384616,0.9375,0.8990384615384616,0.9567307692307692,0.9134615384615384,0.8846153846153846,0.8076923076923077,0.3653846153846153,0.125,0.2644230769230769,0.7355769230769231,0.6105769230769231,0.3701923076923077,0.3846153846153846,0.908653846153846,0.8605769230769231,0.7980769230769231,0.7788461538461539,0.8701923076923077,0.875,0.7884615384615384,0.8076923076923077,0.7355769230769231,0.8653846153846154,0.9423076923076924,0.9278846153846154,0.6923076923076923,0.9471153846153846,0.0913461538461538,0.8173076923076923,0.7596153846153846,0.9134615384615384,0.9230769230769232,0.125,0.7884615384615384,0.9471153846153846,0.9471153846153846,0.8798076923076923,0.8846153846153846,0.8701923076923077
Plane,1.0,1.0,1.0,1.0,1.0,1.0,1.0,1.0,1.0,1.0,1.0,1.0,1.0,1.0,1.0,1.0,1.0,1.0,1.0,1.0,1.0,1.0,1.0,1.0,1.0,1.0,1.0,1.0,1.0,1.0,1.0,1.0,1.0,1.0,1.0,1.0,1.0,1.0,1.0,1.0,1.0,1.0,1.0,1.0,1.0,1.0,1.0,1.0
PowerCons,0.9,0.8666666666666667,0.9333333333333332,0.9388888888888888,0.9444444444444444,0.8944444444444445,0.9444444444444444,0.9888888888888888,0.9722222222222222,0.9888888888888888,0.9833333333333332,0.9833333333333332,0.9722222222222222,0.9666666666666668,0.9722222222222222,0.9111111111111112,0.8777777777777778,0.9777777777777776,0.9777777777777776,0.9555555555555556,0.9555555555555556,0.9722222222222222,1.0,0.9888888888888888,0.9944444444444444,0.9833333333333332,0.9888888888888888,0.9944444444444444,0.9833333333333332,0.9944444444444444,0.9944444444444444,0.9944444444444444,0.9833333333333332,0.9944444444444444,0.9944444444444444,0.9833333333333332,0.9833333333333332,0.9944444444444444,0.9888888888888888,0.9888888888888888,0.9777777777777776,1.0,0.9888888888888888,0.9888888888888888,0.9833333333333332,0.9833333333333332,0.9944444444444444,0.9944444444444444
ProximalPhalanxOutlineAgeGroup,0.8536585365853658,0.8634146341463415,0.8536585365853658,0.8585365853658536,0.8536585365853658,0.8536585365853658,0.848780487804878,0.8536585365853658,0.8536585365853658,0.8536585365853658,0.8536585365853658,0.848780487804878,0.848780487804878,0.848780487804878,0.8439024390243902,0.8536585365853658,0.8682926829268293,0.8536585365853658,0.8634146341463415,0.8536585365853658,0.8536585365853658,0.8536585365853658,0.8585365853658536,0.8536585365853658,0.8634146341463415,0.8536585365853658,0.8585365853658536,0.8536585365853658,0.8536585365853658,0.848780487804878,0.8585365853658536,0.8536585365853658,0.8634146341463415,0.848780487804878,0.8536585365853658,0.8585365853658536,0.8585365853658536,0.8536585365853658,0.8536585365853658,0.848780487804878,0.8585365853658536,0.8634146341463415,0.8585365853658536,0.848780487804878,0.8536585365853658,0.8585365853658536,0.848780487804878,0.8536585365853658
ProximalPhalanxOutlineCorrect,0.8797250859106529,0.9072164948453608,0.8797250859106529,0.9140893470790378,0.8934707903780069,0.9175257731958762,0.8969072164948454,0.9037800687285223,0.8900343642611683,0.9106529209621992,0.9003436426116839,0.9072164948453608,0.8934707903780069,0.8934707903780069,0.9003436426116839,0.8900343642611683,0.9003436426116839,0.9037800687285223,0.9175257731958762,0.9037800687285223,0.9037800687285223,0.9003436426116839,0.9106529209621992,0.9106529209621992,0.8969072164948454,0.9243986254295532,0.9072164948453608,0.9106529209621992,0.9072164948453608,0.9140893470790378,0.9072164948453608,0.9106529209621992,0.9209621993127148,0.9106529209621992,0.9106529209621992,0.9072164948453608,0.9140893470790378,0.9072164948453608,0.9175257731958762,0.9140893470790378,0.9209621993127148,0.9209621993127148,0.9106529209621992,0.9175257731958762,0.9106529209621992,0.9209621993127148,0.9072164948453608,0.9175257731958762
ProximalPhalanxTW,0.8097560975609757,0.7707317073170732,0.8146341463414634,0.8048780487804879,0.8048780487804879,0.7902439024390244,0.8,0.8,0.8341463414634146,0.7951219512195122,0.8097560975609757,0.8195121951219512,0.8048780487804879,0.8,0.824390243902439,0.8097560975609757,0.7853658536585366,0.8,0.7951219512195122,0.8,0.7804878048780488,0.8048780487804879,0.8048780487804879,0.824390243902439,0.8,0.8097560975609757,0.8146341463414634,0.8,0.7951219512195122,0.7951219512195122,0.8195121951219512,0.8048780487804879,0.8048780487804879,0.8097560975609757,0.8146341463414634,0.8195121951219512,0.8048780487804879,0.8048780487804879,0.8146341463414634,0.8195121951219512,0.8097560975609757,0.8195121951219512,0.8195121951219512,0.8195121951219512,0.8097560975609757,0.8146341463414634,0.8195121951219512,0.8195121951219512
RefrigerationDevices,0.6026666666666667,0.5013333333333333,0.528,0.5146666666666667,0.5493333333333333,0.4826666666666667,0.56,0.4746666666666667,0.5333333333333333,0.5146666666666667,0.5146666666666667,0.5093333333333333,0.5066666666666667,0.4906666666666666,0.552,0.5626666666666666,0.496,0.536,0.4986666666666666,0.5466666666666666,0.5066666666666667,0.56,0.5173333333333333,0.5386666666666666,0.512,0.5333333333333333,0.528,0.528,0.544,0.5813333333333334,0.5146666666666667,0.5306666666666666,0.504,0.5386666666666666,0.5386666666666666,0.48,0.5546666666666666,0.52,0.5386666666666666,0.5413333333333333,0.5306666666666666,0.536,0.5306666666666666,0.4853333333333333,0.496,0.5386666666666666,0.5306666666666666,0.528
Rock,0.66,0.68,0.74,0.82,0.76,0.8,0.76,0.8,0.8,0.72,0.78,0.78,0.82,0.76,0.74,0.68,0.76,0.7,0.82,0.78,0.82,0.74,0.86,0.82,0.74,0.74,0.86,0.86,0.82,0.84,0.9,0.86,0.86,0.84,0.86,0.82,0.88,0.88,0.86,0.84,0.86,0.9,0.8,0.82,0.8,0.86,0.86,0.86
ScreenType,0.5226666666666666,0.5813333333333334,0.552,0.5466666666666666,0.552,0.5813333333333334,0.5146666666666667,0.4746666666666667,0.5493333333333333,0.5093333333333333,0.5386666666666666,0.528,0.544,0.512,0.5333333333333333,0.5066666666666667,0.4986666666666666,0.5093333333333333,0.512,0.5146666666666667,0.512,0.5333333333333333,0.5146666666666667,0.504,0.5226666666666666,0.528,0.5546666666666666,0.544,0.5226666666666666,0.544,0.5146666666666667,0.512,0.5306666666666666,0.5546666666666666,0.5466666666666666,0.4933333333333333,0.4986666666666666,0.544,0.5253333333333333,0.5253333333333333,0.504,0.4933333333333333,0.4693333333333333,0.48,0.528,0.5626666666666666,0.536,0.56
SemgHandGenderCh2,0.8033333333333333,0.745,0.8366666666666667,0.7933333333333333,0.8066666666666666,0.7316666666666667,0.8233333333333334,0.8933333333333333,0.885,0.89,0.8683333333333333,0.88,0.8716666666666667,0.85,0.8533333333333334,0.8416666666666667,0.88,0.92,0.9083333333333332,0.9183333333333332,0.8816666666666667,0.9066666666666666,0.9533333333333334,0.945,0.945,0.9483333333333334,0.955,0.9366666666666666,0.9383333333333334,0.9166666666666666,0.9366666666666666,0.94,0.9283333333333332,0.9383333333333334,0.945,0.9083333333333332,0.9416666666666668,0.9516666666666668,0.9433333333333334,0.9266666666666666,0.9316666666666666,0.9533333333333334,0.8983333333333333,0.9016666666666666,0.9033333333333332,0.9483333333333334,0.9466666666666668,0.9516666666666668
SemgHandMovementCh2,0.5155555555555555,0.4777777777777778,0.5511111111111111,0.5,0.5377777777777778,0.44,0.4933333333333333,0.6866666666666666,0.6155555555555555,0.64,0.6066666666666667,0.5822222222222222,0.6066666666666667,0.5622222222222222,0.5911111111111111,0.6111111111111112,0.5933333333333334,0.6755555555555556,0.6244444444444445,0.6911111111111111,0.6,0.6866666666666666,0.74,0.7577777777777778,0.7222222222222222,0.7288888888888889,0.7266666666666667,0.72,0.6844444444444444,0.7311111111111112,0.7466666666666667,0.7488888888888889,0.6955555555555556,0.6755555555555556,0.7333333333333333,0.6644444444444444,0.7333333333333333,0.7311111111111112,0.7266666666666667,0.6488888888888888,0.6688888888888889,0.7533333333333333,0.6577777777777778,0.6955555555555556,0.6711111111111111,0.7755555555555556,0.7577777777777778,0.7688888888888888
SemgHandSubjectCh2,0.68,0.6511111111111111,0.6888888888888889,0.6466666666666666,0.74,0.5977777777777777,0.7066666666666667,0.86,0.86,0.8444444444444444,0.8111111111111111,0.8355555555555556,0.8244444444444444,0.7911111111111111,0.8133333333333334,0.7333333333333333,0.74,0.8222222222222222,0.7844444444444445,0.8355555555555556,0.7822222222222223,0.8288888888888889,0.9266666666666666,0.9222222222222224,0.9022222222222224,0.9022222222222224,0.8955555555555555,0.9133333333333332,0.8711111111111111,0.8777777777777778,0.8933333333333333,0.9155555555555556,0.8866666666666667,0.9044444444444444,0.8844444444444445,0.84,0.9044444444444444,0.9155555555555556,0.8933333333333333,0.8644444444444445,0.8822222222222222,0.8888888888888888,0.82,0.8844444444444445,0.8555555555555555,0.9155555555555556,0.9111111111111112,0.9177777777777778
ShakeGestureWiimoteZ,0.8,0.78,0.84,0.94,0.88,0.9,0.84,0.92,0.9,0.94,0.88,0.92,0.88,0.9,0.88,0.82,0.86,0.86,0.92,0.86,0.9,0.84,0.94,0.88,0.94,0.9,0.94,0.9,0.96,0.9,0.94,0.92,0.9,0.94,0.94,0.94,0.92,0.94,0.92,0.9,0.9,0.96,0.88,0.9,0.92,0.94,0.94,0.94
ShapeletSim,0.9444444444444444,0.9888888888888888,0.9666666666666668,0.9888888888888888,0.9777777777777776,0.9944444444444444,0.9777777777777776,1.0,0.9833333333333332,0.9944444444444444,0.9777777777777776,0.9944444444444444,0.9722222222222222,0.9944444444444444,0.9888888888888888,0.9388888888888888,0.9944444444444444,0.9777777777777776,0.9944444444444444,0.9777777777777776,0.9944444444444444,0.9888888888888888,1.0,0.9944444444444444,1.0,0.9944444444444444,1.0,0.9944444444444444,1.0,1.0,0.9888888888888888,1.0,1.0,1.0,0.9777777777777776,0.9722222222222222,0.5722222222222222,1.0,1.0,1.0,1.0,0.9111111111111112,0.9666666666666668,1.0,0.9944444444444444,1.0,1.0,1.0
ShapesAll,0.6983333333333334,0.4466666666666666,0.7166666666666667,0.89,0.885,0.845,0.87,0.9183333333333332,0.915,0.9216666666666666,0.8866666666666667,0.9283333333333332,0.9183333333333332,0.9066666666666666,0.9083333333333332,0.7616666666666667,0.53,0.7833333333333333,0.9066666666666666,0.9116666666666666,0.88,0.8866666666666667,0.9216666666666666,0.9333333333333332,0.9166666666666666,0.9233333333333332,0.9233333333333332,0.925,0.92,0.9116666666666666,0.9066666666666666,0.925,0.9283333333333332,0.9283333333333332,0.905,0.9233333333333332,0.8866666666666667,0.915,0.915,0.9233333333333332,0.92,0.9066666666666666,0.9133333333333332,0.93,0.925,0.925,0.9233333333333332,0.9216666666666666
SmallKitchenAppliances,0.752,0.8213333333333334,0.8186666666666667,0.8133333333333334,0.8186666666666667,0.8213333333333334,0.8133333333333334,0.816,0.792,0.824,0.816,0.8293333333333334,0.8053333333333333,0.8213333333333334,0.7893333333333333,0.7866666666666666,0.8266666666666667,0.832,0.8213333333333334,0.824,0.8186666666666667,0.8266666666666667,0.8106666666666666,0.8346666666666667,0.816,0.832,0.824,0.832,0.8,0.8186666666666667,0.8026666666666666,0.824,0.816,0.8213333333333334,0.7973333333333333,0.808,0.8053333333333333,0.8213333333333334,0.792,0.8186666666666667,0.8373333333333334,0.7946666666666666,0.816,0.8186666666666667,0.8213333333333334,0.8293333333333334,0.824,0.8213333333333334
SmoothSubspace,0.4733333333333333,0.76,0.76,0.9,0.7333333333333333,0.86,0.7866666666666666,0.9533333333333334,0.9,0.94,0.9466666666666668,0.9733333333333334,0.96,0.9666666666666668,0.92,0.5,0.8,0.7333333333333333,0.8866666666666667,0.8733333333333333,0.86,0.86,0.9866666666666668,0.9533333333333334,0.9666666666666668,0.9533333333333334,0.98,0.9666666666666668,0.9666666666666668,0.9466666666666668,0.9666666666666668,0.9666666666666668,0.9666666666666668,0.96,0.98,0.9733333333333334,0.9733333333333334,0.9733333333333334,0.98,0.98,0.92,0.98,0.9733333333333334,0.94,0.9666666666666668,0.98,0.98,0.98
SonyAIBORobotSurface1,0.9168053244592346,0.9101497504159732,0.9151414309484192,0.913477537437604,0.9068219633943428,0.9151414309484192,0.908485856905158,0.8985024958402662,0.9334442595673876,0.9234608985024958,0.913477537437604,0.9118136439267888,0.91846921797005,0.9267886855241264,0.9234608985024958,0.9068219633943428,0.9217970049916804,0.903494176372712,0.9068219633943428,0.8985024958402662,0.913477537437604,0.9101497504159732,0.8419301164725458,0.8935108153078203,0.908485856905158,0.903494176372712,0.8901830282861897,0.9068219633943428,0.9101497504159732,0.8985024958402662,0.8785357737104825,0.8885191347753744,0.9018302828618968,0.9051580698835274,0.8818635607321131,0.9018302828618968,0.8136439267886856,0.8718801996672213,0.8768718801996672,0.9001663893510815,0.8951747088186356,0.8668885191347754,0.8968386023294509,0.891846921797005,0.9151414309484192,0.8885191347753744,0.891846921797005,0.8868552412645591
SonyAIBORobotSurface2,0.8961175236096537,0.9580272822665268,0.9485834207764952,0.949632738719832,0.9475341028331584,0.9601259181532004,0.950682056663169,0.9223504721930744,0.9150052465897168,0.9590766002098636,0.944386149003148,0.949632738719832,0.9527806925498428,0.9548793284365162,0.949632738719832,0.8961175236096537,0.9601259181532004,0.9464847848898216,0.9422875131164744,0.9401888772298006,0.9559286463798532,0.9548793284365162,0.9108079748163692,0.9213011542497376,0.9527806925498428,0.9401888772298006,0.9422875131164744,0.9286463798530956,0.9517313746065058,0.9485834207764952,0.9202518363064008,0.9265477439664218,0.9485834207764952,0.9422875131164744,0.9422875131164744,0.9485834207764952,0.8121720881427072,0.8940188877229801,0.9359916054564532,0.950682056663169,0.9401888772298006,0.931794333683106,0.9485834207764952,0.9150052465897168,0.949632738719832,0.9391395592864638,0.9422875131164744,0.9401888772298006
StarLightCurves,0.966367168528412,0.9724380767362798,0.9707382224380768,0.9804516755706654,0.9791160757649344,0.9785089849441476,0.9798445847498786,0.981665857212239,0.9822729480330258,0.9825157843613403,0.9813016027197669,0.981665857212239,0.9825157843613403,0.98069451189898,0.981665857212239,0.9711024769305489,0.9720738222438076,0.9763234579893152,0.9813016027197669,0.9791160757649344,0.979601748421564,0.9793589120932492,0.9810587663914522,0.9798445847498786,0.9814230208839242,0.9800874210781932,0.9828800388538124,0.9805730937348228,0.9811801845556096,0.9800874210781932,0.9817872753763964,0.9817872753763964,0.9815444390480816,0.9825157843613403,0.9813016027197669,0.9823943661971832,0.9810587663914522,0.9817872753763964,0.9813016027197669,0.9834871296745992,0.9817872753763964,0.9808159300631376,0.98069451189898,0.9815444390480816,0.9826372025254978,0.9817872753763964,0.981665857212239,0.981665857212239
Strawberry,0.954054054054054,0.9621621621621622,0.954054054054054,0.9756756756756756,0.9675675675675676,0.9675675675675676,0.9675675675675676,0.9783783783783784,0.9675675675675676,0.9756756756756756,0.9675675675675676,0.9783783783783784,0.9675675675675676,0.972972972972973,0.9675675675675676,0.9621621621621622,0.9513513513513514,0.9594594594594594,0.9783783783783784,0.9621621621621622,0.9675675675675676,0.9702702702702702,0.9756756756756756,0.9702702702702702,0.9756756756756756,0.9702702702702702,0.9783783783783784,0.9621621621621622,0.9702702702702702,0.9702702702702702,0.9702702702702702,0.9702702702702702,0.9783783783783784,0.9702702702702702,0.9783783783783784,0.9783783783783784,0.9675675675675676,0.9675675675675676,0.972972972972973,0.972972972972973,0.9675675675675676,0.981081081081081,0.981081081081081,0.9837837837837838,0.9783783783783784,0.9783783783783784,0.9837837837837838,0.981081081081081
SwedishLeaf,0.9008,0.8368,0.928,0.9696,0.9568,0.9536,0.9536,0.9696,0.9648,0.9696,0.9664,0.9728,0.9696,0.9696,0.9648,0.9296,0.8928,0.9472,0.968,0.9616,0.96,0.9664,0.9712,0.9712,0.9744,0.9696,0.9808,0.9712,0.9728,0.9712,0.9792,0.9744,0.9792,0.9792,0.976,0.9728,0.9632,0.9792,0.9728,0.9648,0.9728,0.9728,0.9728,0.9664,0.976,0.976,0.9808,0.9792
Symbols,0.8864321608040201,0.7809045226130653,0.9336683417085428,0.984924623115578,0.9798994974874372,0.9869346733668342,0.9819095477386934,0.9829145728643216,0.9768844221105528,0.9839195979899498,0.9839195979899498,0.9869346733668342,0.9839195979899498,0.9869346733668342,0.9839195979899498,0.9296482412060302,0.8030150753768844,0.9407035175879396,0.9798994974874372,0.9778894472361808,0.9658291457286432,0.971859296482412,0.9819095477386934,0.9778894472361808,0.9819095477386934,0.9758793969849248,0.9829145728643216,0.9809045226130654,0.9819095477386934,0.978894472361809,0.9819095477386934,0.9829145728643216,0.9809045226130654,0.9869346733668342,0.9798994974874372,0.9809045226130654,0.9748743718592964,0.9798994974874372,0.9778894472361808,0.9809045226130654,0.9819095477386934,0.9778894472361808,0.9768844221105528,0.9819095477386934,0.9889447236180904,0.9819095477386934,0.9829145728643216,0.9829145728643216
SyntheticControl,0.6033333333333334,0.47,0.6,0.74,0.7833333333333333,0.6633333333333333,0.77,0.9866666666666668,0.9766666666666668,0.9833333333333332,0.98,0.99,0.9833333333333332,0.99,0.9766666666666668,0.5966666666666667,0.5466666666666666,0.6333333333333333,0.87,0.88,0.8133333333333334,0.8166666666666667,0.9966666666666668,0.9933333333333332,0.9933333333333332,0.99,0.9966666666666668,0.9966666666666668,0.9933333333333332,0.9866666666666668,0.9866666666666668,0.9933333333333332,0.99,0.9933333333333332,0.9866666666666668,0.9933333333333332,0.9766666666666668,0.9966666666666668,0.9966666666666668,0.9966666666666668,0.9933333333333332,0.9933333333333332,0.9933333333333332,0.9833333333333332,0.99,0.9966666666666668,0.9966666666666668,0.9933333333333332
ToeSegmentation1,0.8026315789473685,0.5877192982456141,0.8421052631578947,0.9035087719298246,0.9035087719298246,0.8508771929824561,0.8640350877192983,0.9605263157894736,0.9385964912280702,0.9605263157894736,0.956140350877193,0.9692982456140352,0.9385964912280702,0.9517543859649122,0.9517543859649122,0.8508771929824561,0.6403508771929824,0.8596491228070176,0.8947368421052632,0.9166666666666666,0.8640350877192983,0.8859649122807017,0.956140350877193,0.9473684210526316,0.9473684210526316,0.9473684210526316,0.956140350877193,0.9342105263157896,0.9385964912280702,0.9473684210526316,0.9210526315789472,0.9429824561403508,0.956140350877193,0.9605263157894736,0.9473684210526316,0.9517543859649122,0.6578947368421053,0.9429824561403508,0.9429824561403508,0.9692982456140352,0.956140350877193,0.925438596491228,0.9649122807017544,0.9605263157894736,0.9605263157894736,0.9517543859649122,0.956140350877193,0.956140350877193
ToeSegmentation2,0.8769230769230769,0.8384615384615385,0.8923076923076924,0.9076923076923076,0.9,0.9,0.8923076923076924,0.9153846153846154,0.9384615384615383,0.9307692307692308,0.9384615384615383,0.9153846153846154,0.9307692307692308,0.9153846153846154,0.9076923076923076,0.8846153846153846,0.8076923076923077,0.8923076923076924,0.9153846153846154,0.8923076923076924,0.9076923076923076,0.9076923076923076,0.9076923076923076,0.9,0.9076923076923076,0.9,0.9076923076923076,0.8923076923076924,0.9,0.8923076923076924,0.9153846153846154,0.9153846153846154,0.9230769230769232,0.9384615384615383,0.9076923076923076,0.9153846153846154,0.823076923076923,0.9,0.9153846153846154,0.946153846153846,0.9307692307692308,0.9153846153846154,0.9230769230769232,0.9153846153846154,0.9230769230769232,0.9153846153846154,0.9153846153846154,0.9076923076923076
Trace,1.0,0.8,1.0,1.0,1.0,1.0,1.0,1.0,1.0,1.0,1.0,1.0,1.0,1.0,1.0,1.0,0.96,1.0,1.0,1.0,1.0,1.0,1.0,1.0,1.0,1.0,1.0,1.0,1.0,1.0,1.0,1.0,1.0,1.0,1.0,1.0,1.0,1.0,1.0,1.0,1.0,1.0,1.0,1.0,1.0,1.0,1.0,1.0
TwoLeadECG,0.9587357330992098,0.9841966637401228,0.9885864793678666,0.9964881474978052,0.99297629499561,0.9982440737489026,0.9964881474978052,0.9982440737489026,0.9956101843722563,0.9982440737489026,0.9973661106233538,0.9982440737489026,0.9964881474978052,0.9982440737489026,0.9956101843722563,0.9631255487269534,0.9815627743634768,0.990342405618964,0.9982440737489026,0.9956101843722563,0.9982440737489026,0.9973661106233538,0.9982440737489026,0.9956101843722563,0.9982440737489026,0.9973661106233538,0.9982440737489026,0.9964881474978052,0.9982440737489026,0.9973661106233538,0.9982440737489026,0.9982440737489026,0.9982440737489026,0.9982440737489026,0.9982440737489026,0.9982440737489026,0.9982440737489026,0.9991220368744512,0.9982440737489026,0.9991220368744512,0.9982440737489026,0.9982440737489026,0.9982440737489026,0.9982440737489026,0.9982440737489026,0.9982440737489026,0.9982440737489026,0.9982440737489026
TwoPatterns,0.4355,0.6135,0.683,0.8285,0.8345,0.77175,0.8165,0.996,0.9835,0.984,0.976,0.98825,0.978,0.9645,0.96375,0.466,0.74275,0.805,0.9905,0.9845,0.988,0.98425,1.0,1.0,1.0,1.0,1.0,1.0,1.0,1.0,0.99975,1.0,0.99975,0.999,1.0,0.988,0.99675,1.0,1.0,0.9995,0.99725,1.0,1.0,0.99725,0.991,1.0,1.0,1.0
UMD,0.7569444444444444,0.8680555555555556,0.8611111111111112,0.9930555555555556,0.9930555555555556,0.9930555555555556,0.9791666666666666,0.9930555555555556,0.9930555555555556,0.9930555555555556,0.9861111111111112,0.9930555555555556,0.9930555555555556,0.9930555555555556,0.9930555555555556,0.75,0.8611111111111112,0.8263888888888888,0.9930555555555556,0.9791666666666666,0.9791666666666666,0.9652777777777778,0.9930555555555556,0.9722222222222222,0.9791666666666666,0.9722222222222222,0.9930555555555556,0.9861111111111112,0.9861111111111112,0.9861111111111112,0.9930555555555556,0.9930555555555556,0.9930555555555556,0.9930555555555556,0.9930555555555556,0.9930555555555556,0.9861111111111112,0.9583333333333334,0.9930555555555556,0.9722222222222222,0.9375,0.9930555555555556,0.9861111111111112,0.9930555555555556,0.9930555555555556,0.9930555555555556,0.9930555555555556,0.9930555555555556
UWaveGestureLibraryAll,0.6395868230039085,0.7604690117252931,0.7370184254606366,0.9631490787269682,0.9335566722501396,0.942211055276382,0.9260189838079286,0.9704075935231714,0.9595198213288666,0.9676158570630932,0.9547738693467336,0.975432719151312,0.9614740368509213,0.9659408151870464,0.9567280848687884,0.7001675041876047,0.820212171970966,0.861250697934115,0.9667783361250698,0.9611948632049134,0.9581239530988276,0.9606365159128978,0.9793411501954216,0.97571189279732,0.9793411501954216,0.9748743718592964,0.978503629257398,0.97571189279732,0.9798994974874372,0.9776661083193746,0.981853713009492,0.980178671133445,0.9745951982132888,0.9729201563372416,0.9804578447794527,0.9737576772752652,0.9779452819653824,0.9796203238414294,0.9807370184254608,0.9706867671691792,0.9676158570630932,0.9793411501954216,0.9737576772752652,0.9723618090452262,0.978782802903406,0.980178671133445,0.9793411501954216,0.9798994974874372
UWaveGestureLibraryX,0.477107761027359,0.6568955890563931,0.646286990508096,0.8361250697934115,0.8101619207146845,0.8143495254048018,0.7992741485203797,0.8528754885538805,0.838358458961474,0.8481295365717476,0.835287548855388,0.8609715242881072,0.8364042434394193,0.8464544946957008,0.8366834170854272,0.4991624790619765,0.6915131211613623,0.6959798994974874,0.8238414293690676,0.8238414293690676,0.8249581239530989,0.8174204355108877,0.8615298715801228,0.8570630932439978,0.8604131769960915,0.8517587939698492,0.8693467336683417,0.8559463986599665,0.8545505304299275,0.8606923506420994,0.8601340033500837,0.8615298715801228,0.8492462311557789,0.8503629257398102,0.8598548297040759,0.8539921831379118,0.836962590731435,0.8512004466778336,0.8590173087660525,0.8453378001116695,0.8361250697934115,0.8531546621998883,0.8478503629257398,0.8534338358458962,0.8584589614740369,0.8707426018983808,0.8662758235622557,0.8696259073143495
UWaveGestureLibraryY,0.4893914014517029,0.4807370184254606,0.542713567839196,0.7501395868230039,0.7160804020100503,0.7127303182579564,0.701284198771636,0.7727526521496371,0.7663316582914573,0.7800111669458403,0.7573981016192072,0.7903405918481295,0.7671691792294807,0.7716359575656058,0.7615857063093244,0.5147962032384142,0.5240089335566722,0.5658849804578447,0.760748185371301,0.7565605806811837,0.743997766610832,0.7384142936906756,0.7777777777777778,0.7755443886097152,0.7805695142378559,0.7808486878838637,0.7981574539363484,0.7853154662199888,0.7869905080960358,0.7853154662199888,0.7855946398659966,0.7903405918481295,0.7978782802903406,0.798715801228364,0.7872696817420436,0.7869905080960358,0.7585147962032384,0.7928531546621999,0.7839195979899497,0.7839195979899497,0.7797319932998324,0.7752652149637074,0.7839195979899497,0.7828029034059185,0.794249022892239,0.8012283640424344,0.7953657174762703,0.7973199329983249
UWaveGestureLibraryZ,0.4916247906197655,0.586823003908431,0.5834729201563372,0.7568397543271915,0.7258514796203238,0.7381351200446677,0.7233389168062535,0.7962032384142937,0.7747068676716918,0.7959240647682859,0.774427694025684,0.8015075376884422,0.7858738135120045,0.7861529871580123,0.768285873813512,0.5013958682300391,0.6136236739251815,0.621998883305416,0.7649357900614182,0.7498604131769961,0.748464544946957,0.7381351200446677,0.8026242322724735,0.7864321608040201,0.7956448911222781,0.7847571189279732,0.8042992741485204,0.794249022892239,0.8065326633165829,0.7839195979899497,0.804857621440536,0.804857621440536,0.8015075376884422,0.8006700167504187,0.8037409268565048,0.8001116694584032,0.7844779452819653,0.7975991066443328,0.7981574539363484,0.7950865438302624,0.7903405918481295,0.7931323283082077,0.7869905080960358,0.8045784477945283,0.8146286990508096,0.8149078726968174,0.8087660524846455,0.8154662199888331
Wafer,0.9954574951330304,0.999675535366645,0.9990266060999352,0.9998377676833226,0.99935107073329,0.9998377676833226,0.9998377676833226,0.9990266060999352,0.99935107073329,0.9998377676833226,0.99935107073329,0.99935107073329,0.9990266060999352,0.9998377676833226,0.99870214146658,0.9954574951330304,0.9991888384166124,0.9991888384166124,0.9995133030499675,0.99935107073329,0.99935107073329,0.9990266060999352,0.9991888384166124,0.9988643737832577,0.99935107073329,0.9991888384166124,0.9995133030499675,0.9990266060999352,0.99935107073329,0.9991888384166124,0.999675535366645,0.99935107073329,0.9995133030499675,0.9995133030499675,0.999675535366645,0.99935107073329,0.99935107073329,0.99935107073329,0.99935107073329,0.999675535366645,0.99935107073329,0.999675535366645,0.9991888384166124,0.99935107073329,0.99935107073329,0.999675535366645,0.99935107073329,0.9995133030499675
Wine,0.5185185185185185,0.6666666666666666,0.6481481481481481,0.8333333333333334,0.8148148148148148,0.6851851851851852,0.7037037037037037,0.8518518518518519,0.8703703703703703,0.8518518518518519,0.8148148148148148,0.9074074074074074,0.8333333333333334,0.8703703703703703,0.6851851851851852,0.5925925925925926,0.6296296296296297,0.6111111111111112,0.7962962962962963,0.6666666666666666,0.6481481481481481,0.6481481481481481,0.9444444444444444,0.8333333333333334,0.8888888888888888,0.8333333333333334,0.8888888888888888,0.7962962962962963,0.7962962962962963,0.7592592592592593,0.8148148148148148,0.8703703703703703,0.8703703703703703,0.8333333333333334,0.7777777777777778,0.8703703703703703,0.8333333333333334,0.7962962962962963,0.8518518518518519,0.7777777777777778,0.6481481481481481,0.8888888888888888,0.8703703703703703,0.8518518518518519,0.9074074074074074,0.9074074074074074,0.8703703703703703,0.8888888888888888
WordSynonyms,0.4122257053291536,0.6065830721003135,0.5235109717868338,0.7100313479623824,0.6347962382445141,0.6786833855799373,0.6159874608150471,0.7633228840125392,0.7210031347962382,0.7617554858934169,0.6677115987460815,0.7601880877742947,0.7053291536050157,0.7272727272727273,0.6739811912225705,0.4294670846394984,0.6504702194357367,0.622257053291536,0.7382445141065831,0.6912225705329154,0.7115987460815048,0.6912225705329154,0.7664576802507836,0.7366771159874608,0.7570532915360502,0.7382445141065831,0.7664576802507836,0.7272727272727273,0.7507836990595611,0.725705329153605,0.768025078369906,0.774294670846395,0.7601880877742947,0.7492163009404389,0.7727272727272727,0.7335423197492164,0.7476489028213166,0.768025078369906,0.7617554858934169,0.7429467084639498,0.7272727272727273,0.7664576802507836,0.7429467084639498,0.7758620689655172,0.7695924764890282,0.780564263322884,0.7758620689655172,0.7758620689655172
Worms,0.7662337662337663,0.6883116883116883,0.7662337662337663,0.7532467532467533,0.7272727272727273,0.6753246753246753,0.7272727272727273,0.7272727272727273,0.8051948051948052,0.8181818181818182,0.7922077922077922,0.7532467532467533,0.7532467532467533,0.7402597402597403,0.7662337662337663,0.8051948051948052,0.6623376623376623,0.7662337662337663,0.7012987012987013,0.7792207792207793,0.7662337662337663,0.7662337662337663,0.7272727272727273,0.8311688311688312,0.7662337662337663,0.7922077922077922,0.7532467532467533,0.7922077922077922,0.7662337662337663,0.7922077922077922,0.7142857142857143,0.7402597402597403,0.7792207792207793,0.7792207792207793,0.7142857142857143,0.7662337662337663,0.6103896103896104,0.7142857142857143,0.7142857142857143,0.7922077922077922,0.7662337662337663,0.7012987012987013,0.7532467532467533,0.7662337662337663,0.7792207792207793,0.7402597402597403,0.7922077922077922,0.7532467532467533
WormsTwoClass,0.8181818181818182,0.7532467532467533,0.8571428571428571,0.8051948051948052,0.7792207792207793,0.8051948051948052,0.8701298701298701,0.7792207792207793,0.8311688311688312,0.7922077922077922,0.8181818181818182,0.7532467532467533,0.7532467532467533,0.7792207792207793,0.8311688311688312,0.8571428571428571,0.8051948051948052,0.8311688311688312,0.7272727272727273,0.8311688311688312,0.8311688311688312,0.8441558441558441,0.7662337662337663,0.8311688311688312,0.8051948051948052,0.8571428571428571,0.7792207792207793,0.8051948051948052,0.8181818181818182,0.8051948051948052,0.7792207792207793,0.7532467532467533,0.8051948051948052,0.7792207792207793,0.7922077922077922,0.7532467532467533,0.6753246753246753,0.7662337662337663,0.7662337662337663,0.8181818181818182,0.8181818181818182,0.7532467532467533,0.7532467532467533,0.7532467532467533,0.7532467532467533,0.7792207792207793,0.7662337662337663,0.7922077922077922
Yoga,0.7176666666666667,0.775,0.7703333333333333,0.919,0.8693333333333333,0.8633333333333333,0.8696666666666667,0.911,0.8866666666666667,0.92,0.9016666666666666,0.925,0.9063333333333332,0.903,0.8813333333333333,0.7473333333333333,0.8066666666666666,0.8123333333333334,0.894,0.8906666666666667,0.9023333333333332,0.884,0.9083333333333332,0.8986666666666666,0.9196666666666666,0.9036666666666666,0.9136666666666666,0.914,0.9273333333333332,0.9056666666666666,0.916,0.9043333333333332,0.9176666666666666,0.92,0.9113333333333332,0.9316666666666666,0.8963333333333333,0.9003333333333333,0.9083333333333332,0.9176666666666666,0.9026666666666666,0.9046666666666666,0.918,0.914,0.9253333333333332,0.918,0.9166666666666666,0.919
