fold:,0,1,2,3,4,5,6,7,8,9,10,11,12,13,14,15,16,17,18,19,20,21,22,23,24,25,26,27,28,29
ACSF1,0.94,0.79,0.83,0.87,0.89,0.89,0.82,0.83,0.76,0.82,0.87,0.91,0.86,0.82,0.86,0.84,0.82,0.9,0.87,0.8,0.87,0.86,0.81,0.87,0.85,0.89,0.85,0.78,0.81,0.92
Adiac,0.8209718670076727,0.8184143222506394,0.7749360613810742,0.80306905370844,0.8260869565217391,0.8158567774936062,0.80306905370844,0.7953964194373402,0.7979539641943734,0.8158567774936062,0.7979539641943734,0.8081841432225064,0.7647058823529411,0.8056265984654731,0.7953964194373402,0.8132992327365729,0.7979539641943734,0.7953964194373402,0.8107416879795396,0.8260869565217391,0.8158567774936062,0.8056265984654731,0.8312020460358056,0.8209718670076727,0.7979539641943734,0.8056265984654731,0.8056265984654731,0.7928388746803069,0.8388746803069054,0.8132992327365729
ArrowHead,0.8742857142857143,0.88,0.88,0.9028571428571428,0.9257142857142856,0.8685714285714285,0.8914285714285715,0.8914285714285715,0.9028571428571428,0.9085714285714286,0.8571428571428571,0.8971428571428571,0.8057142857142857,0.9085714285714286,0.9085714285714286,0.8914285714285715,0.84,0.9085714285714286,0.9142857142857144,0.8857142857142857,0.9542857142857144,0.9085714285714286,0.8685714285714285,0.9028571428571428,0.9142857142857144,0.8971428571428571,0.96,0.8742857142857143,0.9085714285714286,0.8857142857142857
BME,1.0,1.0,1.0,1.0,1.0,1.0,0.9933333333333332,0.9933333333333332,1.0,0.9933333333333332,1.0,1.0,1.0,1.0,0.9933333333333332,1.0,1.0,1.0,1.0,1.0,1.0,0.9933333333333332,0.9933333333333332,1.0,1.0,1.0,1.0,0.9933333333333332,0.9933333333333332,0.9933333333333332
Beef,0.8,0.8,0.7333333333333333,0.6333333333333333,0.9,0.6666666666666666,0.8666666666666667,0.7333333333333333,0.8666666666666667,0.7666666666666667,0.8,0.8666666666666667,0.8666666666666667,0.6666666666666666,0.9333333333333332,0.7666666666666667,0.7,0.7,0.6333333333333333,0.8333333333333334,0.7666666666666667,0.8333333333333334,0.6333333333333333,0.7,0.7333333333333333,0.6333333333333333,0.8666666666666667,0.8,0.6666666666666666,0.7333333333333333
BeetleFly,0.9,0.95,0.8,0.9,0.9,0.9,1.0,0.9,0.8,1.0,0.85,0.95,0.8,0.8,0.75,0.95,0.75,0.85,0.95,0.9,0.85,0.9,0.85,0.95,0.8,0.9,0.9,0.8,0.8,1.0
BirdChicken,0.9,0.9,0.8,0.95,0.9,0.9,0.9,0.75,0.9,0.9,0.85,0.95,0.95,0.85,0.9,0.95,0.95,0.95,0.85,0.95,0.85,0.95,1.0,0.9,0.85,0.95,0.95,0.9,0.9,0.9
CBF,0.9988888888888888,0.9988888888888888,0.9611111111111112,0.9988888888888888,1.0,0.9833333333333332,0.9988888888888888,1.0,0.9977777777777778,0.9988888888888888,0.9922222222222222,0.9988888888888888,0.9966666666666668,1.0,0.9977777777777778,1.0,0.9977777777777778,0.9877777777777778,0.9888888888888888,0.9944444444444444,0.9666666666666668,1.0,0.9988888888888888,1.0,1.0,1.0,1.0,0.9988888888888888,0.9944444444444444,0.9988888888888888
Car,0.9,0.9166666666666666,0.8833333333333333,0.9333333333333332,0.8833333333333333,0.9,0.8666666666666667,0.95,0.9,0.9,0.8666666666666667,0.9,0.9666666666666668,0.95,0.9,0.8666666666666667,0.9333333333333332,0.9,0.8833333333333333,0.9333333333333332,0.85,0.9166666666666666,0.9666666666666668,0.9166666666666666,0.95,0.9166666666666666,0.95,0.9,0.9166666666666666,0.8833333333333333
Chinatown,0.9825072886297376,0.967930029154519,0.9825072886297376,0.9708454810495628,0.9620991253644317,0.9562682215743442,0.9650145772594751,0.9591836734693876,0.9737609329446064,0.9620991253644317,0.97667638483965,0.9650145772594751,0.9737609329446064,0.9708454810495628,0.9650145772594751,0.9620991253644317,0.9650145772594751,0.9650145772594751,0.9737609329446064,0.9562682215743442,0.9591836734693876,0.9708454810495628,0.9650145772594751,0.9446064139941692,0.9620991253644317,0.9650145772594751,0.979591836734694,0.9591836734693876,0.9737609329446064,0.9620991253644317
ChlorineConcentration,0.7385416666666667,0.7645833333333333,0.7411458333333333,0.73828125,0.75,0.7502604166666667,0.7502604166666667,0.74921875,0.7359375,0.7059895833333333,0.7572916666666667,0.7307291666666667,0.7513020833333334,0.7369791666666666,0.74453125,0.746875,0.7666666666666667,0.7515625,0.71875,0.7309895833333333,0.73984375,0.7364583333333333,0.7401041666666667,0.74765625,0.7708333333333334,0.7390625,0.7205729166666667,0.7265625,0.7296875,0.72421875
CinCECGTorso,0.917391304347826,0.8847826086956522,0.9202898550724636,0.9847826086956522,0.9260869565217392,0.9014492753623188,0.8521739130434782,0.9420289855072465,0.9347826086956522,0.9253623188405796,0.8884057971014493,0.9442028985507246,0.917391304347826,0.9442028985507246,0.9007246376811594,0.9246376811594202,0.8963768115942029,0.9318840579710144,0.9188405797101448,0.9485507246376812,0.9456521739130436,0.9036231884057973,0.8753623188405797,0.9528985507246376,0.8724637681159421,0.9260869565217392,0.944927536231884,0.9369565217391304,0.9282608695652174,0.8978260869565218
Coffee,1.0,1.0,1.0,1.0,1.0,1.0,1.0,1.0,1.0,1.0,1.0,1.0,1.0,1.0,1.0,1.0,1.0,1.0,1.0,1.0,1.0,1.0,1.0,1.0,1.0,1.0,1.0,1.0,0.9642857142857144,1.0
Computers,0.708,0.812,0.784,0.8240000000000001,0.8240000000000001,0.8079999999999999,0.78,0.804,0.78,0.84,0.828,0.84,0.816,0.812,0.804,0.7879999999999999,0.78,0.8,0.82,0.8,0.8240000000000001,0.7879999999999999,0.82,0.8079999999999999,0.812,0.812,0.76,0.812,0.804,0.7959999999999999
CricketX,0.8179487179487179,0.8333333333333334,0.8256410256410256,0.8205128205128205,0.8128205128205128,0.8205128205128205,0.8205128205128205,0.8461538461538461,0.8410256410256409,0.8307692307692308,0.8128205128205128,0.8358974358974359,0.8461538461538461,0.8333333333333334,0.8333333333333334,0.8461538461538461,0.8538461538461538,0.8384615384615385,0.7897435897435897,0.8666666666666667,0.8076923076923077,0.8333333333333334,0.8153846153846154,0.8435897435897436,0.8358974358974359,0.8307692307692308,0.8282051282051283,0.8179487179487179,0.8307692307692308,0.8051282051282052
CricketY,0.8512820512820513,0.8435897435897436,0.8384615384615385,0.8435897435897436,0.8410256410256409,0.8487179487179487,0.8512820512820513,0.8435897435897436,0.8589743589743589,0.8641025641025641,0.8564102564102564,0.8717948717948718,0.8564102564102564,0.8589743589743589,0.8692307692307693,0.8128205128205128,0.8717948717948718,0.8692307692307693,0.8384615384615385,0.8358974358974359,0.8717948717948718,0.8564102564102564,0.8794871794871795,0.8538461538461538,0.8589743589743589,0.8410256410256409,0.8538461538461538,0.8538461538461538,0.8641025641025641,0.8538461538461538
CricketZ,0.8512820512820513,0.8282051282051283,0.8512820512820513,0.8410256410256409,0.8692307692307693,0.8615384615384616,0.8743589743589744,0.8589743589743589,0.8666666666666667,0.8410256410256409,0.8435897435897436,0.8307692307692308,0.8128205128205128,0.8538461538461538,0.8512820512820513,0.8153846153846154,0.8410256410256409,0.8589743589743589,0.8538461538461538,0.8512820512820513,0.8692307692307693,0.8435897435897436,0.8435897435897436,0.823076923076923,0.8487179487179487,0.8333333333333334,0.8410256410256409,0.8076923076923077,0.8205128205128205,0.8487179487179487
Crop,0.7692261904761905,0.7676785714285714,0.7660119047619047,0.7653571428571428,0.77125,0.7655357142857143,0.7713690476190476,0.7655952380952381,0.7636904761904761,0.7705357142857143,0.7673809523809524,0.7721428571428571,0.7678571428571429,0.7691666666666667,0.7669642857142858,0.7652976190476191,0.7716071428571428,0.7707142857142857,0.7660119047619047,0.7719047619047619,0.7680952380952379,0.7642857142857142,0.7688690476190476,0.7685714285714286,0.7654166666666666,0.7701785714285714,0.7668452380952381,0.7630357142857143,0.7677380952380952,0.7705357142857143
DiatomSizeReduction,0.9444444444444444,0.9836601307189542,0.9052287581699346,0.8954248366013072,0.9705882352941176,0.9738562091503268,0.9575163398692812,0.9477124183006536,0.9836601307189542,0.9705882352941176,0.8954248366013072,0.9575163398692812,0.9869281045751634,0.9215686274509804,0.9509803921568628,0.8888888888888888,0.9477124183006536,0.9640522875816994,0.9836601307189542,0.8986928104575164,0.9607843137254902,0.954248366013072,0.9477124183006536,0.9673202614379084,0.8986928104575164,0.9901960784313726,0.9444444444444444,0.9705882352941176,0.9673202614379084,0.9738562091503268
DistalPhalanxOutlineAgeGroup,0.7697841726618705,0.8417266187050358,0.8057553956834532,0.8705035971223022,0.7553956834532374,0.7697841726618705,0.8561151079136691,0.8273381294964028,0.7410071942446043,0.7841726618705036,0.7841726618705036,0.8201438848920863,0.8417266187050358,0.8057553956834532,0.8489208633093526,0.8417266187050358,0.8273381294964028,0.8489208633093526,0.8129496402877698,0.8129496402877698,0.7697841726618705,0.8201438848920863,0.7985611510791367,0.8201438848920863,0.8057553956834532,0.8273381294964028,0.8129496402877698,0.8561151079136691,0.8489208633093526,0.8273381294964028
DistalPhalanxOutlineCorrect,0.7789855072463768,0.8079710144927537,0.8369565217391305,0.7862318840579711,0.8188405797101449,0.8659420289855072,0.822463768115942,0.8007246376811594,0.8152173913043478,0.8586956521739131,0.8333333333333334,0.8369565217391305,0.8442028985507246,0.8695652173913043,0.8333333333333334,0.8478260869565217,0.8478260869565217,0.7826086956521741,0.8333333333333334,0.8369565217391305,0.8405797101449275,0.8369565217391305,0.8007246376811594,0.8623188405797102,0.855072463768116,0.822463768115942,0.7862318840579711,0.8079710144927537,0.8152173913043478,0.8297101449275363
DistalPhalanxTW,0.6906474820143885,0.7050359712230215,0.6978417266187049,0.7194244604316546,0.7050359712230215,0.6834532374100719,0.6906474820143885,0.7266187050359713,0.7194244604316546,0.6978417266187049,0.6906474820143885,0.7050359712230215,0.6546762589928058,0.6690647482014388,0.7050359712230215,0.6978417266187049,0.6978417266187049,0.6906474820143885,0.7266187050359713,0.6906474820143885,0.7050359712230215,0.6978417266187049,0.6762589928057554,0.7122302158273381,0.6978417266187049,0.6690647482014388,0.7122302158273381,0.7194244604316546,0.6834532374100719,0.7122302158273381
ECG200,0.9,0.9,0.92,0.91,0.92,0.88,0.89,0.9,0.95,0.9,0.9,0.88,0.89,0.88,0.9,0.91,0.87,0.91,0.91,0.88,0.86,0.87,0.85,0.93,0.9,0.92,0.89,0.95,0.89,0.93
ECG5000,0.9457777777777778,0.9462222222222222,0.9473333333333334,0.9495555555555556,0.9446666666666668,0.9495555555555556,0.9448888888888888,0.9448888888888888,0.9495555555555556,0.946,0.9453333333333334,0.9448888888888888,0.9508888888888888,0.9457777777777778,0.9486666666666668,0.946,0.9468888888888888,0.9475555555555556,0.9437777777777778,0.9484444444444444,0.9473333333333334,0.9466666666666668,0.9451111111111112,0.9464444444444444,0.9471111111111112,0.9466666666666668,0.9464444444444444,0.9437777777777778,0.9464444444444444,0.9468888888888888
ECGFiveDays,1.0,1.0,1.0,0.9930313588850174,0.9907084785133564,0.9953542392566784,0.9918699186991871,1.0,1.0,1.0,0.9988385598141696,0.9988385598141696,0.9488966318234612,0.989547038327526,0.9988385598141696,1.0,1.0,1.0,1.0,0.9953542392566784,0.9988385598141696,0.9976771196283392,1.0,1.0,1.0,0.9976771196283392,1.0,0.9953542392566784,1.0,1.0
EOGHorizontalSignal,0.6270718232044199,0.8563535911602209,0.8342541436464088,0.8618784530386742,0.8674033149171271,0.8480662983425414,0.8535911602209945,0.8646408839779005,0.8646408839779005,0.8977900552486188,0.8563535911602209,0.8535911602209945,0.8701657458563536,0.8508287292817679,0.8674033149171271,0.8756906077348067,0.8701657458563536,0.8591160220994475,0.8397790055248618,0.8674033149171271,0.8535911602209945,0.8535911602209945,0.8591160220994475,0.8535911602209945,0.8397790055248618,0.8674033149171271,0.8535911602209945,0.8756906077348067,0.8287292817679558,0.8839779005524862
EOGVerticalSignal,0.5441988950276243,0.8121546961325967,0.8121546961325967,0.8370165745856354,0.8176795580110497,0.8232044198895028,0.8453038674033149,0.7955801104972375,0.7900552486187845,0.8038674033149171,0.8149171270718232,0.8259668508287292,0.8232044198895028,0.8259668508287292,0.8342541436464088,0.8204419889502762,0.8287292817679558,0.8176795580110497,0.8370165745856354,0.8176795580110497,0.7900552486187845,0.8093922651933702,0.8370165745856354,0.8149171270718232,0.8204419889502762,0.8259668508287292,0.8149171270718232,0.8397790055248618,0.8287292817679558,0.8259668508287292
Earthquakes,0.7482014388489209,0.7482014388489209,0.7553956834532374,0.7482014388489209,0.7482014388489209,0.7482014388489209,0.7482014388489209,0.7482014388489209,0.7553956834532374,0.7482014388489209,0.7482014388489209,0.7482014388489209,0.7482014388489209,0.7482014388489209,0.7482014388489209,0.7482014388489209,0.7482014388489209,0.7482014388489209,0.7410071942446043,0.7482014388489209,0.7482014388489209,0.7482014388489209,0.7553956834532374,0.7482014388489209,0.7482014388489209,0.7482014388489209,0.7482014388489209,0.7482014388489209,0.7482014388489209,0.7482014388489209
ElectricDevices,0.7538581247568409,0.8914537673453508,0.8880819608351705,0.8882116457009467,0.8836726753987809,0.8844507845934381,0.8909350278822461,0.8871741667747374,0.8845804694592141,0.8826351964725716,0.8935287251977694,0.8828945662041241,0.8913240824795746,0.8952146284528596,0.8906756581506938,0.8882116457009467,0.8919725068084554,0.8873038516405135,0.8913240824795746,0.8901569186875892,0.8845804694592141,0.8884710154324991,0.8869147970431851,0.8883413305667228,0.8880819608351705,0.8880819608351705,0.8909350278822461,0.8937880949293218,0.8937880949293218,0.8891194397613799
EthanolLevel,0.624,0.6940000000000001,0.706,0.68,0.7120000000000001,0.684,0.664,0.7140000000000001,0.684,0.672,0.682,0.726,0.684,0.6940000000000001,0.716,0.688,0.7140000000000001,0.682,0.6759999999999999,0.69,0.6679999999999999,0.706,0.71,0.6940000000000001,0.69,0.716,0.674,0.708,0.684,0.708
FaceAll,0.8810650887573964,0.9905325443786982,0.9905325443786982,0.9928994082840236,0.9905325443786982,0.9852071005917159,0.9863905325443788,0.9857988165680474,0.9893491124260356,0.9875739644970414,0.9917159763313609,0.9905325443786982,0.98698224852071,0.9911242603550297,0.9905325443786982,0.9899408284023667,0.9852071005917159,0.9887573964497042,0.9893491124260356,0.9881656804733728,0.9905325443786982,0.9852071005917159,0.9887573964497042,0.98698224852071,0.9917159763313609,0.9887573964497042,0.9857988165680474,0.9928994082840236,0.9893491124260356,0.98698224852071
FaceFour,0.9772727272727272,0.9886363636363636,0.9886363636363636,0.8522727272727273,0.9545454545454546,0.9090909090909092,0.9204545454545454,0.9772727272727272,0.9204545454545454,0.8977272727272727,0.9772727272727272,0.9659090909090908,0.9090909090909092,0.9090909090909092,0.9772727272727272,0.9545454545454546,0.9090909090909092,0.9772727272727272,0.8636363636363636,0.9886363636363636,0.9204545454545454,0.9318181818181818,0.9659090909090908,0.9659090909090908,0.9090909090909092,0.9772727272727272,0.9431818181818182,0.8977272727272727,0.9090909090909092,0.9204545454545454
FacesUCR,0.9609756097560976,0.9609756097560976,0.9751219512195122,0.9702439024390244,0.9619512195121952,0.9726829268292684,0.9785365853658536,0.9648780487804878,0.9736585365853658,0.9687804878048779,0.9765853658536584,0.9658536585365852,0.9648780487804878,0.9692682926829268,0.964390243902439,0.9702439024390244,0.9653658536585366,0.9556097560975608,0.9785365853658536,0.9721951219512196,0.9692682926829268,0.9687804878048779,0.9692682926829268,0.9746341463414634,0.9673170731707316,0.9580487804878048,0.977560975609756,0.9760975609756096,0.9780487804878047,0.9668292682926828
FiftyWords,0.8241758241758241,0.8241758241758241,0.8307692307692308,0.8087912087912088,0.8263736263736263,0.8131868131868132,0.8307692307692308,0.8461538461538461,0.8285714285714286,0.8307692307692308,0.8373626373626374,0.8329670329670329,0.8175824175824176,0.8351648351648352,0.8153846153846154,0.8483516483516483,0.8109890109890109,0.8241758241758241,0.8417582417582418,0.8329670329670329,0.8373626373626374,0.8241758241758241,0.8087912087912088,0.8351648351648352,0.8329670329670329,0.8307692307692308,0.8021978021978022,0.8505494505494505,0.8153846153846154,0.8263736263736263
Fish,0.9771428571428572,0.9771428571428572,1.0,0.9885714285714284,0.9885714285714284,0.9885714285714284,0.9828571428571428,0.96,0.9714285714285714,0.9828571428571428,0.9657142857142856,0.9657142857142856,0.96,0.9828571428571428,0.9885714285714284,0.9828571428571428,0.9714285714285714,0.9771428571428572,0.9885714285714284,0.9771428571428572,0.9714285714285714,0.9828571428571428,0.9714285714285714,0.9771428571428572,0.9714285714285714,0.9885714285714284,0.9942857142857144,0.9942857142857144,0.9942857142857144,0.9771428571428572
FordA,0.9553030303030304,0.9401515151515152,0.9568181818181818,0.953030303030303,0.9507575757575758,0.9613636363636364,0.9477272727272728,0.9484848484848484,0.9507575757575758,0.9568181818181818,0.9545454545454546,0.9598484848484848,0.9598484848484848,0.9492424242424242,0.9598484848484848,0.953030303030303,0.9454545454545454,0.95,0.953030303030303,0.9537878787878789,0.9553030303030304,0.9598484848484848,0.9590909090909092,0.9613636363636364,0.9553030303030304,0.9606060606060606,0.9598484848484848,0.9583333333333334,0.9606060606060606,0.9598484848484848
FordB,0.8209876543209876,0.9308641975308642,0.94320987654321,0.9358024691358025,0.9271604938271604,0.928395061728395,0.9320987654320988,0.9456790123456791,0.928395061728395,0.9395061728395062,0.9296296296296296,0.9506172839506172,0.9246913580246914,0.9135802469135802,0.9358024691358025,0.9407407407407408,0.9444444444444444,0.9296296296296296,0.9320987654320988,0.9320987654320988,0.9333333333333332,0.9320987654320988,0.9296296296296296,0.9456790123456791,0.9444444444444444,0.9320987654320988,0.9382716049382716,0.9382716049382716,0.9419753086419752,0.9172839506172841
FreezerRegularTrain,0.9992982456140352,0.9971929824561404,0.9989473684210526,0.9996491228070176,0.9975438596491228,0.9978947368421052,0.9992982456140352,1.0,0.9978947368421052,0.9978947368421052,0.9992982456140352,0.9996491228070176,0.99859649122807,0.9978947368421052,0.9950877192982456,1.0,0.9964912280701754,0.9996491228070176,0.9975438596491228,0.9975438596491228,0.9982456140350876,0.9982456140350876,0.9975438596491228,0.9992982456140352,0.99859649122807,0.99859649122807,0.996842105263158,0.9971929824561404,0.9992982456140352,0.9996491228070176
FreezerSmallTrain,0.9684210526315791,0.9961403508771931,0.98,0.9652631578947368,0.991578947368421,0.9971929824561404,0.9957894736842106,0.9863157894736844,0.9940350877192984,0.995438596491228,0.9947368421052633,0.9698245614035088,0.984561403508772,0.9940350877192984,0.9964912280701754,0.9950877192982456,0.9894736842105264,0.9982456140350876,0.9849122807017544,0.9680701754385964,0.996842105263158,0.9947368421052633,0.9964912280701754,0.9992982456140352,0.9884210526315791,0.9961403508771931,0.9933333333333332,0.9666666666666668,0.9912280701754386,0.9617543859649124
GunPoint,1.0,0.9933333333333332,1.0,1.0,0.9733333333333334,0.9933333333333332,0.9933333333333332,1.0,1.0,0.9933333333333332,1.0,1.0,0.9933333333333332,0.9933333333333332,1.0,0.9933333333333332,0.9933333333333332,1.0,0.9866666666666668,0.9933333333333332,0.9866666666666668,1.0,0.9933333333333332,0.9933333333333332,1.0,1.0,0.9733333333333334,1.0,0.9933333333333332,0.9933333333333332
GunPointAgeSpan,0.9936708860759492,0.9841772151898734,1.0,1.0,0.9936708860759492,0.9873417721518988,0.9905063291139241,0.9968354430379748,0.9968354430379748,1.0,0.9968354430379748,0.9873417721518988,0.9936708860759492,0.9968354430379748,0.9936708860759492,0.9968354430379748,0.9968354430379748,0.9936708860759492,0.9905063291139241,1.0,1.0,0.9905063291139241,1.0,0.9936708860759492,1.0,1.0,0.9968354430379748,0.9968354430379748,1.0,0.9841772151898734
GunPointMaleVersusFemale,1.0,1.0,1.0,1.0,1.0,1.0,1.0,1.0,1.0,1.0,1.0,1.0,1.0,1.0,1.0,1.0,1.0,1.0,1.0,1.0,1.0,1.0,1.0,1.0,1.0,1.0,1.0,1.0,1.0,1.0
GunPointOldVersusYoung,1.0,1.0,1.0,1.0,1.0,1.0,1.0,1.0,1.0,1.0,1.0,1.0,1.0,1.0,1.0,1.0,1.0,1.0,1.0,1.0,1.0,1.0,1.0,1.0,1.0,1.0,1.0,1.0,1.0,1.0
Ham,0.7142857142857143,0.8285714285714286,0.8190476190476189,0.8380952380952381,0.8380952380952381,0.9047619047619048,0.8571428571428571,0.8761904761904762,0.8476190476190476,0.8666666666666667,0.8761904761904762,0.8190476190476189,0.8952380952380953,0.9047619047619048,0.8380952380952381,0.8476190476190476,0.8380952380952381,0.8666666666666667,0.8476190476190476,0.8190476190476189,0.8,0.8571428571428571,0.8380952380952381,0.8285714285714286,0.8761904761904762,0.8952380952380953,0.8285714285714286,0.8952380952380953,0.8476190476190476,0.7714285714285715
Haptics,0.5422077922077922,0.5909090909090909,0.5681818181818182,0.5551948051948052,0.5551948051948052,0.5551948051948052,0.5064935064935064,0.5324675324675324,0.5746753246753247,0.5292207792207793,0.564935064935065,0.5551948051948052,0.564935064935065,0.5227272727272727,0.577922077922078,0.5876623376623377,0.525974025974026,0.551948051948052,0.5194805194805194,0.577922077922078,0.5714285714285714,0.5454545454545454,0.5292207792207793,0.5616883116883117,0.5876623376623377,0.564935064935065,0.5389610389610391,0.5876623376623377,0.5487012987012987,0.5357142857142857
Herring,0.671875,0.703125,0.59375,0.5625,0.578125,0.625,0.640625,0.59375,0.59375,0.640625,0.625,0.625,0.515625,0.59375,0.578125,0.609375,0.609375,0.59375,0.578125,0.609375,0.65625,0.609375,0.625,0.5,0.625,0.65625,0.609375,0.546875,0.578125,0.5
HouseTwenty,0.9663865546218487,0.9579831932773109,0.9663865546218487,0.9747899159663864,0.9831932773109244,0.9579831932773109,0.9663865546218487,0.9747899159663864,0.9495798319327732,0.9411764705882352,0.9495798319327732,0.9579831932773109,0.9747899159663864,0.9831932773109244,0.9831932773109244,0.9495798319327732,0.9663865546218487,0.9747899159663864,0.9663865546218487,0.9495798319327732,0.9579831932773109,0.9747899159663864,0.9831932773109244,0.9579831932773109,0.9243697478991596,0.9747899159663864,0.9663865546218487,0.9663865546218487,0.9579831932773109,0.9327731092436976
InlineSkate,0.4854545454545455,0.4872727272727273,0.5036363636363637,0.48,0.4836363636363637,0.4818181818181818,0.5054545454545455,0.4872727272727273,0.4763636363636364,0.4890909090909091,0.5109090909090909,0.4981818181818182,0.4909090909090909,0.5072727272727273,0.42,0.4854545454545455,0.5181818181818182,0.5236363636363637,0.5018181818181818,0.4509090909090909,0.4963636363636363,0.46,0.46,0.4818181818181818,0.4763636363636364,0.5181818181818182,0.4890909090909091,0.509090909090909,0.4927272727272728,0.52
InsectEPGRegularTrain,1.0,1.0,1.0,1.0,1.0,1.0,1.0,1.0,1.0,1.0,1.0,1.0,1.0,1.0,1.0,1.0,1.0,1.0,1.0,1.0,1.0,1.0,1.0,1.0,1.0,1.0,1.0,1.0,1.0,1.0
InsectEPGSmallTrain,1.0,0.9919678714859438,1.0,0.9959839357429718,0.9959839357429718,0.9919678714859438,1.0,0.9959839357429718,0.9919678714859438,1.0,0.9799196787148594,0.9959839357429718,0.9759036144578314,0.9959839357429718,1.0,1.0,1.0,0.9959839357429718,1.0,0.9919678714859438,1.0,0.9959839357429718,1.0,1.0,0.9839357429718876,1.0,1.0,1.0,1.0,1.0
InsectWingbeatSound,0.6661616161616162,0.6833333333333333,0.65,0.6702020202020202,0.6717171717171717,0.6712121212121213,0.6474747474747474,0.6671717171717172,0.6686868686868687,0.6611111111111111,0.6454545454545455,0.6545454545454545,0.6626262626262627,0.6686868686868687,0.6707070707070707,0.6545454545454545,0.6459595959595961,0.6444444444444445,0.6505050505050505,0.6601010101010101,0.6464646464646465,0.6585858585858586,0.6515151515151515,0.6732323232323232,0.6732323232323232,0.6656565656565656,0.652020202020202,0.6626262626262627,0.6646464646464646,0.6636363636363637
ItalyPowerDemand,0.9659863945578232,0.9426627793974732,0.9562682215743442,0.967930029154519,0.95821185617104,0.9698736637512148,0.9640427599611272,0.9698736637512148,0.9368318756073858,0.9659863945578232,0.9640427599611272,0.9533527696793004,0.9659863945578232,0.9620991253644317,0.9416909620991254,0.9659863945578232,0.9552964042759962,0.9591836734693876,0.9650145772594751,0.9689018464528668,0.9659863945578232,0.9630709426627794,0.957240038872692,0.9591836734693876,0.95821185617104,0.9659863945578232,0.967930029154519,0.9611273080660836,0.9543245869776482,0.9689018464528668
LargeKitchenAppliances,0.904,0.9386666666666666,0.9279999999999999,0.8933333333333333,0.9093333333333332,0.9013333333333332,0.9173333333333332,0.9253333333333332,0.912,0.9333333333333332,0.9253333333333332,0.9279999999999999,0.9253333333333332,0.9333333333333332,0.9306666666666666,0.9173333333333332,0.9466666666666668,0.9173333333333332,0.9333333333333332,0.9226666666666666,0.9466666666666668,0.9226666666666666,0.9226666666666666,0.9173333333333332,0.9440000000000001,0.9066666666666666,0.912,0.9333333333333332,0.9173333333333332,0.9093333333333332
Lightning2,0.7868852459016393,0.8360655737704918,0.7868852459016393,0.8524590163934426,0.7377049180327869,0.8852459016393442,0.8524590163934426,0.8524590163934426,0.7868852459016393,0.8360655737704918,0.7868852459016393,0.8688524590163934,0.8360655737704918,0.8360655737704918,0.8360655737704918,0.819672131147541,0.8852459016393442,0.7377049180327869,0.8688524590163934,0.7540983606557377,0.8360655737704918,0.8524590163934426,0.6721311475409836,0.819672131147541,0.8524590163934426,0.8524590163934426,0.8360655737704918,0.8360655737704918,0.7049180327868853,0.8360655737704918
Lightning7,0.821917808219178,0.7945205479452054,0.726027397260274,0.8082191780821918,0.7671232876712328,0.8082191780821918,0.7945205479452054,0.8082191780821918,0.7671232876712328,0.8082191780821918,0.7671232876712328,0.8082191780821918,0.8493150684931506,0.7671232876712328,0.7945205479452054,0.7671232876712328,0.7945205479452054,0.7808219178082192,0.7671232876712328,0.7808219178082192,0.7671232876712328,0.7808219178082192,0.8904109589041096,0.8082191780821918,0.8493150684931506,0.7534246575342466,0.7671232876712328,0.7808219178082192,0.8082191780821918,0.7945205479452054
Mallat,0.9594882729211088,0.9582089552238806,0.9663113006396588,0.9735607675906184,0.975266524520256,0.9628997867803838,0.9748400852878464,0.9837953091684436,0.9701492537313432,0.9624733475479744,0.979957356076759,0.9663113006396588,0.9769722814498932,0.9616204690831556,0.969722814498934,0.9501066098081024,0.9675906183368871,0.9684434968017056,0.9620469083155649,0.9756929637526652,0.9791044776119404,0.9658848614072496,0.9773987206823028,0.9773987206823028,0.9582089552238806,0.9705756929637528,0.9722814498933902,0.9628997867803838,0.9795309168443496,0.9727078891257996
Meat,0.95,1.0,1.0,0.9666666666666668,0.9833333333333332,1.0,1.0,1.0,0.9833333333333332,1.0,0.9833333333333332,0.9833333333333332,1.0,0.9666666666666668,0.9833333333333332,0.9666666666666668,1.0,1.0,1.0,1.0,1.0,1.0,1.0,0.9666666666666668,1.0,0.9833333333333332,0.9833333333333332,1.0,1.0,1.0
MedicalImages,0.8065789473684211,0.8078947368421052,0.8223684210526315,0.8210526315789474,0.8131578947368421,0.8171052631578948,0.8,0.8105263157894737,0.8039473684210526,0.8131578947368421,0.8144736842105263,0.8118421052631579,0.7947368421052632,0.8157894736842105,0.8210526315789474,0.8,0.8013157894736842,0.8210526315789474,0.8026315789473685,0.8223684210526315,0.8223684210526315,0.8,0.8289473684210527,0.8236842105263158,0.8105263157894737,0.8263157894736842,0.8118421052631579,0.825,0.8092105263157895,0.8184210526315789
MiddlePhalanxOutlineAgeGroup,0.5844155844155844,0.7077922077922078,0.7987012987012987,0.6948051948051948,0.6818181818181818,0.7402597402597403,0.7207792207792207,0.7077922077922078,0.7077922077922078,0.6298701298701299,0.7012987012987013,0.7142857142857143,0.7467532467532467,0.7077922077922078,0.7532467532467533,0.7142857142857143,0.7207792207792207,0.6883116883116883,0.7272727272727273,0.7272727272727273,0.7142857142857143,0.6883116883116883,0.7337662337662337,0.6818181818181818,0.6623376623376623,0.7532467532467533,0.6688311688311688,0.7532467532467533,0.7467532467532467,0.7402597402597403
MiddlePhalanxOutlineCorrect,0.852233676975945,0.8144329896907216,0.8625429553264605,0.852233676975945,0.8316151202749141,0.8419243986254296,0.8556701030927835,0.8178694158075601,0.8591065292096219,0.8213058419243986,0.8419243986254296,0.8350515463917526,0.8384879725085911,0.8453608247422679,0.8487972508591065,0.8281786941580757,0.8384879725085911,0.8419243986254296,0.8213058419243986,0.8625429553264605,0.8213058419243986,0.8487972508591065,0.8281786941580757,0.8350515463917526,0.8487972508591065,0.8213058419243986,0.8419243986254296,0.8487972508591065,0.8041237113402062,0.8178694158075601
MiddlePhalanxTW,0.5454545454545454,0.6103896103896104,0.6038961038961039,0.6233766233766234,0.564935064935065,0.6493506493506493,0.5844155844155844,0.6038961038961039,0.564935064935065,0.5974025974025974,0.5714285714285714,0.5714285714285714,0.6233766233766234,0.5584415584415584,0.6233766233766234,0.5584415584415584,0.564935064935065,0.5909090909090909,0.525974025974026,0.6103896103896104,0.5974025974025974,0.6038961038961039,0.564935064935065,0.5844155844155844,0.6038961038961039,0.6038961038961039,0.6103896103896104,0.5909090909090909,0.6428571428571429,0.564935064935065
MixedShapesRegularTrain,0.9781443298969072,0.9744329896907216,0.977319587628866,0.971958762886598,0.9740206185567012,0.9744329896907216,0.9690721649484536,0.9756701030927836,0.9740206185567012,0.9715463917525772,0.9752577319587628,0.9674226804123712,0.9764948453608248,0.9744329896907216,0.9740206185567012,0.9760824742268042,0.971958762886598,0.9769072164948454,0.9736082474226804,0.9744329896907216,0.9744329896907216,0.9802061855670104,0.9764948453608248,0.9736082474226804,0.9661855670103092,0.9785567010309278,0.9756701030927836,0.9806185567010308,0.9756701030927836,0.971958762886598
MixedShapesSmallTrain,0.9571134020618556,0.9418556701030928,0.9496907216494844,0.9595876288659794,0.9455670103092784,0.9587628865979382,0.951340206185567,0.9620618556701029,0.961237113402062,0.949278350515464,0.9422680412371134,0.9538144329896908,0.9455670103092784,0.9451546391752578,0.9385567010309278,0.9113402061855671,0.9451546391752578,0.9468041237113402,0.9282474226804124,0.9604123711340208,0.951340206185567,0.9525773195876288,0.95340206185567,0.9435051546391752,0.9496907216494844,0.9488659793814432,0.9595876288659794,0.9356701030927836,0.9579381443298968,0.9542268041237112
MoteStrain,0.9345047923322684,0.9249201277955272,0.9289137380191692,0.8578274760383386,0.9137380191693292,0.8138977635782748,0.8985623003194888,0.9161341853035144,0.9025559105431309,0.9137380191693292,0.9113418530351438,0.9073482428115016,0.8426517571884984,0.9017571884984026,0.9233226837060704,0.9313099041533548,0.9073482428115016,0.8801916932907349,0.8777955271565495,0.90814696485623,0.9121405750798722,0.8833865814696485,0.9273162939297124,0.9185303514376996,0.9321086261980832,0.9129392971246006,0.9432907348242812,0.896964856230032,0.9185303514376996,0.922523961661342
OSULeaf,0.962809917355372,0.9793388429752066,0.962809917355372,0.9710743801652892,0.962809917355372,0.9710743801652892,0.9586776859504132,0.9545454545454546,0.950413223140496,0.9586776859504132,0.9669421487603306,0.9462809917355371,0.9710743801652892,0.9545454545454546,0.9669421487603306,0.9586776859504132,0.962809917355372,0.9462809917355371,0.9586776859504132,0.9669421487603306,0.975206611570248,0.962809917355372,0.9669421487603306,0.975206611570248,0.962809917355372,0.9669421487603306,0.9710743801652892,0.9586776859504132,0.9710743801652892,0.9545454545454546
OliveOil,0.9333333333333332,0.9,0.8666666666666667,0.9333333333333332,0.9,0.9,0.9333333333333332,0.8666666666666667,0.9333333333333332,0.8666666666666667,0.8666666666666667,0.8666666666666667,0.9,0.9666666666666668,0.9666666666666668,0.8666666666666667,0.9333333333333332,0.9,0.9,0.9666666666666668,0.9,0.9,0.9,0.9,0.9333333333333332,0.8666666666666667,0.8666666666666667,0.8333333333333334,0.8666666666666667,0.9333333333333332
PhalangesOutlinesCorrect,0.8438228438228438,0.8449883449883449,0.8391608391608392,0.8496503496503497,0.8123543123543123,0.8636363636363636,0.8531468531468531,0.8298368298368298,0.8508158508158508,0.8589743589743589,0.8310023310023309,0.8275058275058275,0.8659673659673659,0.8403263403263403,0.8368298368298368,0.8508158508158508,0.8449883449883449,0.8356643356643356,0.8496503496503497,0.8473193473193473,0.8484848484848485,0.837995337995338,0.8473193473193473,0.8461538461538461,0.8461538461538461,0.8449883449883449,0.8449883449883449,0.8484848484848485,0.8496503496503497,0.8391608391608392
Phoneme,0.3196202531645569,0.3164556962025317,0.30010548523206754,0.3117088607594937,0.30854430379746833,0.3117088607594937,0.2932489451476793,0.2969409282700422,0.2958860759493671,0.3154008438818565,0.2879746835443038,0.2921940928270042,0.31223628691983124,0.3138185654008439,0.3169831223628692,0.3212025316455696,0.31856540084388185,0.3090717299578059,0.28217299578059074,0.30116033755274263,0.30116033755274263,0.3154008438818565,0.3217299578059072,0.2869198312236287,0.30537974683544306,0.3159282700421941,0.2985232067510549,0.3539029535864979,0.310126582278481,0.3227848101265823
PigAirwayPressure,0.8509615384615384,0.8509615384615384,0.8798076923076923,0.8846153846153846,0.8221153846153846,0.8221153846153846,0.875,0.875,0.8557692307692307,0.875,0.903846153846154,0.8509615384615384,0.8509615384615384,0.8653846153846154,0.8221153846153846,0.8701923076923077,0.8365384615384616,0.8413461538461539,0.8605769230769231,0.8557692307692307,0.903846153846154,0.8798076923076923,0.8605769230769231,0.8701923076923077,0.8269230769230769,0.8557692307692307,0.8798076923076923,0.8317307692307693,0.8461538461538461,0.8221153846153846
PigArtPressure,0.9951923076923076,0.9471153846153846,0.9519230769230768,0.966346153846154,0.9423076923076924,0.9567307692307692,0.9375,0.9759615384615384,0.9519230769230768,0.971153846153846,0.9230769230769232,0.9326923076923076,0.971153846153846,0.9471153846153846,0.9519230769230768,0.9375,0.908653846153846,0.971153846153846,0.9375,0.971153846153846,0.9519230769230768,0.9326923076923076,0.9615384615384616,0.9423076923076924,0.9567307692307692,0.966346153846154,0.9759615384615384,0.9278846153846154,0.966346153846154,0.9375
PigCVP,0.9278846153846154,0.8846153846153846,0.903846153846154,0.9278846153846154,0.908653846153846,0.9182692307692308,0.8798076923076923,0.9278846153846154,0.903846153846154,0.8990384615384616,0.9230769230769232,0.903846153846154,0.9375,0.8990384615384616,0.908653846153846,0.8942307692307693,0.8990384615384616,0.9326923076923076,0.908653846153846,0.8653846153846154,0.908653846153846,0.903846153846154,0.9230769230769232,0.9326923076923076,0.8846153846153846,0.8461538461538461,0.8605769230769231,0.8846153846153846,0.9423076923076924,0.903846153846154
Plane,1.0,1.0,1.0,1.0,1.0,1.0,1.0,1.0,1.0,1.0,1.0,1.0,1.0,1.0,1.0,1.0,1.0,1.0,1.0,1.0,1.0,1.0,1.0,1.0,1.0,1.0,1.0,1.0,1.0,1.0
PowerCons,0.9833333333333332,0.9833333333333332,0.9722222222222222,0.9777777777777776,0.9666666666666668,0.9888888888888888,0.9722222222222222,0.9722222222222222,0.9888888888888888,0.9666666666666668,0.9611111111111112,0.9666666666666668,0.9722222222222222,0.9722222222222222,0.9888888888888888,0.9888888888888888,0.9833333333333332,0.9666666666666668,0.9666666666666668,0.9944444444444444,0.9666666666666668,0.9722222222222222,0.9888888888888888,0.9666666666666668,1.0,0.9833333333333332,0.9833333333333332,0.9666666666666668,0.9888888888888888,0.9777777777777776
ProximalPhalanxOutlineAgeGroup,0.8536585365853658,0.8585365853658536,0.8097560975609757,0.8536585365853658,0.8585365853658536,0.8634146341463415,0.8829268292682927,0.8341463414634146,0.8341463414634146,0.8439024390243902,0.8829268292682927,0.8780487804878049,0.8634146341463415,0.8292682926829268,0.8585365853658536,0.8390243902439024,0.8731707317073171,0.8292682926829268,0.8634146341463415,0.8878048780487805,0.8634146341463415,0.8536585365853658,0.8780487804878049,0.8341463414634146,0.8682926829268293,0.8682926829268293,0.8048780487804879,0.8634146341463415,0.8390243902439024,0.8634146341463415
ProximalPhalanxOutlineCorrect,0.9037800687285223,0.8797250859106529,0.9037800687285223,0.8762886597938144,0.8900343642611683,0.8969072164948454,0.8625429553264605,0.9037800687285223,0.8865979381443299,0.9072164948453608,0.8969072164948454,0.9072164948453608,0.8900343642611683,0.8969072164948454,0.872852233676976,0.9003436426116839,0.8831615120274914,0.8934707903780069,0.8969072164948454,0.8900343642611683,0.8865979381443299,0.8934707903780069,0.8797250859106529,0.865979381443299,0.9072164948453608,0.865979381443299,0.9072164948453608,0.8865979381443299,0.8969072164948454,0.8865979381443299
ProximalPhalanxTW,0.8,0.8146341463414634,0.7853658536585366,0.824390243902439,0.7902439024390244,0.8097560975609757,0.7658536585365854,0.8292682926829268,0.8,0.824390243902439,0.8,0.7804878048780488,0.8195121951219512,0.8048780487804879,0.8097560975609757,0.8146341463414634,0.8048780487804879,0.7951219512195122,0.8146341463414634,0.8341463414634146,0.824390243902439,0.8097560975609757,0.8048780487804879,0.7951219512195122,0.7804878048780488,0.7902439024390244,0.8097560975609757,0.8146341463414634,0.8097560975609757,0.7951219512195122
RefrigerationDevices,0.496,0.7066666666666667,0.7626666666666667,0.7333333333333333,0.7120000000000001,0.7013333333333334,0.7493333333333333,0.7466666666666667,0.7226666666666667,0.728,0.7226666666666667,0.7226666666666667,0.728,0.7333333333333333,0.7386666666666667,0.7866666666666666,0.7733333333333333,0.7333333333333333,0.736,0.7386666666666667,0.7546666666666667,0.7626666666666667,0.7013333333333334,0.728,0.7306666666666667,0.7546666666666667,0.7413333333333333,0.728,0.6933333333333334,0.7466666666666667
Rock,0.84,0.86,0.84,0.72,0.8,0.88,0.84,0.84,0.86,0.86,0.78,0.74,0.78,0.86,0.78,0.88,0.88,0.84,0.7,0.88,0.78,0.8,0.8,0.88,0.88,0.86,0.82,0.84,0.8,0.92
ScreenType,0.4986666666666666,0.5946666666666667,0.6,0.6426666666666667,0.616,0.5866666666666667,0.568,0.6,0.6133333333333333,0.6106666666666667,0.5706666666666667,0.6133333333333333,0.6106666666666667,0.6,0.6026666666666667,0.5920000000000001,0.5920000000000001,0.5813333333333334,0.5973333333333334,0.632,0.584,0.6106666666666667,0.6293333333333333,0.6213333333333333,0.6266666666666667,0.632,0.5813333333333334,0.6053333333333333,0.6186666666666667,0.6133333333333333
SemgHandGenderCh2,0.93,0.9366666666666666,0.9483333333333334,0.9316666666666666,0.925,0.9333333333333332,0.92,0.9466666666666668,0.9316666666666666,0.9433333333333334,0.9383333333333334,0.9383333333333334,0.9383333333333334,0.935,0.93,0.9416666666666668,0.9433333333333334,0.945,0.9416666666666668,0.9416666666666668,0.9333333333333332,0.9316666666666666,0.9316666666666666,0.9366666666666666,0.9333333333333332,0.9383333333333334,0.9383333333333334,0.9183333333333332,0.9283333333333332,0.92
SemgHandMovementCh2,0.7355555555555555,0.7377777777777778,0.7177777777777777,0.6933333333333334,0.6911111111111111,0.6911111111111111,0.7133333333333334,0.7311111111111112,0.6955555555555556,0.6888888888888889,0.6866666666666666,0.7177777777777777,0.7422222222222222,0.72,0.6866666666666666,0.7333333333333333,0.7177777777777777,0.7222222222222222,0.6755555555555556,0.7377777777777778,0.6533333333333333,0.7244444444444444,0.6844444444444444,0.72,0.7111111111111111,0.7022222222222222,0.6933333333333334,0.7,0.7377777777777778,0.6733333333333333
SemgHandSubjectCh2,0.8911111111111111,0.9022222222222224,0.9177777777777778,0.94,0.88,0.9177777777777778,0.8911111111111111,0.92,0.9444444444444444,0.92,0.92,0.9111111111111112,0.8955555555555555,0.8933333333333333,0.9022222222222224,0.8955555555555555,0.8888888888888888,0.8866666666666667,0.9066666666666666,0.9177777777777778,0.9088888888888887,0.8666666666666667,0.9111111111111112,0.9111111111111112,0.9044444444444444,0.9044444444444444,0.9066666666666666,0.9022222222222224,0.8888888888888888,0.8733333333333333
ShapeletSim,1.0,1.0,1.0,1.0,1.0,1.0,1.0,1.0,1.0,1.0,1.0,1.0,1.0,1.0,1.0,1.0,1.0,1.0,1.0,1.0,1.0,1.0,1.0,1.0,1.0,1.0,1.0,1.0,1.0,1.0
ShapesAll,0.9283333333333332,0.9316666666666666,0.9466666666666668,0.9466666666666668,0.9566666666666668,0.9616666666666668,0.9266666666666666,0.9483333333333334,0.945,0.9333333333333332,0.945,0.9333333333333332,0.955,0.94,0.935,0.9483333333333334,0.9533333333333334,0.935,0.955,0.945,0.9566666666666668,0.9466666666666668,0.925,0.945,0.9483333333333334,0.9516666666666668,0.9316666666666666,0.945,0.9266666666666666,0.9383333333333334
SmallKitchenAppliances,0.8186666666666667,0.8106666666666666,0.8426666666666667,0.8293333333333334,0.8079999999999999,0.8373333333333334,0.8266666666666667,0.816,0.8026666666666666,0.8320000000000001,0.8506666666666667,0.856,0.8346666666666667,0.8213333333333334,0.8293333333333334,0.8186666666666667,0.8079999999999999,0.7973333333333333,0.8079999999999999,0.7733333333333333,0.8026666666666666,0.8293333333333334,0.816,0.856,0.8373333333333334,0.8079999999999999,0.84,0.8373333333333334,0.8320000000000001,0.8533333333333334
SmoothSubspace,0.96,0.9466666666666668,0.9666666666666668,0.9733333333333334,0.96,0.9533333333333334,0.94,0.9466666666666668,0.9333333333333332,0.9333333333333332,0.9666666666666668,0.98,0.9733333333333334,0.9666666666666668,0.96,0.98,0.94,0.98,0.96,0.9133333333333332,0.9466666666666668,0.9533333333333334,0.94,0.94,0.9733333333333334,0.9866666666666668,0.9466666666666668,0.9533333333333334,0.98,0.94
SonyAIBORobotSurface1,0.9018302828618968,0.9267886855241264,0.9450915141430948,0.9151414309484192,0.956738768718802,0.9550748752079868,0.9550748752079868,0.961730449251248,0.9600665557404326,0.9467554076539102,0.9434276206322796,0.9733777038269552,0.9500831946755408,0.9633943427620631,0.9700499168053244,0.9800332778702164,0.9750415973377704,0.9400998336106491,0.956738768718802,0.9267886855241264,0.966722129783694,0.9633943427620631,0.9650582362728786,0.9600665557404326,0.9500831946755408,0.956738768718802,0.9534109816971714,0.9633943427620631,0.9633943427620631,0.9317803660565724
SonyAIBORobotSurface2,0.9433368310598113,0.9527806925498428,0.9485834207764952,0.9485834207764952,0.9485834207764952,0.969569779643232,0.9454354669464848,0.9580272822665268,0.9485834207764952,0.9538300104931794,0.962224554039874,0.9412381951731374,0.9580272822665268,0.9664218258132214,0.9517313746065058,0.9664218258132214,0.9391395592864638,0.9401888772298006,0.906610703043022,0.9559286463798532,0.8982161594963274,0.9643231899265478,0.9359916054564532,0.9454354669464848,0.9737670514165792,0.9548793284365162,0.9685204616998949,0.9590766002098636,0.9412381951731374,0.9685204616998949
StarLightCurves,0.9821515298688684,0.9783875667799904,0.9806945118989799,0.9810587663914522,0.9809373482272948,0.9802088392423508,0.9814230208839242,0.9836085478387568,0.9826372025254978,0.9828800388538124,0.9813016027197669,0.9820301117047109,0.9823943661971832,0.9823943661971832,0.983365711510442,0.9811801845556096,0.9805730937348228,0.9819086935405535,0.9816658572122391,0.9814230208839242,0.9809373482272948,0.9817872753763964,0.9817872753763964,0.9823943661971832,0.9823943661971832,0.9800874210781932,0.9819086935405535,0.9798445847498786,0.9819086935405535,0.9810587663914522
Strawberry,0.9810810810810808,0.972972972972973,0.9783783783783784,0.9810810810810808,0.972972972972973,0.9837837837837838,0.9810810810810808,0.9594594594594594,0.9864864864864864,0.972972972972973,0.9756756756756756,0.9621621621621622,0.9837837837837838,0.9810810810810808,0.972972972972973,0.9891891891891892,0.9702702702702702,0.9783783783783784,0.9837837837837838,0.991891891891892,0.9756756756756756,0.9837837837837838,0.972972972972973,0.9945945945945946,0.9837837837837838,0.972972972972973,0.9756756756756756,0.9810810810810808,0.9756756756756756,0.9837837837837838
SwedishLeaf,0.9664,0.9616,0.9648,0.96,0.9792,0.9664,0.9712,0.9664,0.9664,0.968,0.9616,0.9808,0.9728,0.9744,0.9696,0.9728,0.9648,0.9520000000000001,0.9552,0.9568,0.9616,0.968,0.9696,0.9712,0.9744,0.9744,0.9632,0.9568,0.9616,0.9696
Symbols,0.9829145728643216,0.9798994974874372,0.9829145728643216,0.971859296482412,0.9758793969849248,0.963819095477387,0.9376884422110552,0.9748743718592964,0.9748743718592964,0.9678391959798996,0.9688442211055276,0.978894472361809,0.9738693467336684,0.9527638190954774,0.9608040201005024,0.9628140703517588,0.9396984924623116,0.970854271356784,0.9738693467336684,0.9728643216080402,0.9668341708542714,0.9728643216080402,0.9527638190954774,0.970854271356784,0.9768844221105528,0.978894472361809,0.9748743718592964,0.9829145728643216,0.978894472361809,0.9798994974874372
SyntheticControl,0.9933333333333332,0.99,0.9966666666666668,0.9966666666666668,0.99,0.9966666666666668,0.9966666666666668,0.9933333333333332,0.9933333333333332,0.9933333333333332,0.9966666666666668,1.0,0.9933333333333332,0.99,0.9966666666666668,0.9966666666666668,0.9966666666666668,0.9866666666666668,1.0,0.9933333333333332,0.99,0.9966666666666668,0.9966666666666668,0.9933333333333332,0.9966666666666668,0.9933333333333332,0.9966666666666668,1.0,0.9933333333333332,0.99
ToeSegmentation1,0.9649122807017544,0.925438596491228,0.9473684210526316,0.9429824561403508,0.9429824561403508,0.9561403508771931,0.9429824561403508,0.9561403508771931,0.9385964912280702,0.9166666666666666,0.9692982456140352,0.9561403508771931,0.9298245614035088,0.9166666666666666,0.9342105263157896,0.9561403508771931,0.9298245614035088,0.9517543859649122,0.925438596491228,0.9429824561403508,0.8991228070175439,0.9298245614035088,0.9385964912280702,0.9473684210526316,0.9342105263157896,0.9342105263157896,0.9561403508771931,0.9385964912280702,0.9605263157894736,0.9298245614035088
ToeSegmentation2,0.9076923076923076,0.9692307692307692,0.9307692307692308,0.953846153846154,0.9769230769230768,0.9153846153846154,0.9307692307692308,0.9307692307692308,0.9,0.9230769230769232,0.9384615384615383,0.946153846153846,0.946153846153846,0.9846153846153848,0.9076923076923076,0.9384615384615383,0.9230769230769232,0.9,0.946153846153846,0.9692307692307692,0.953846153846154,0.9076923076923076,0.9307692307692308,0.9076923076923076,0.9384615384615383,0.9230769230769232,0.946153846153846,0.946153846153846,0.9692307692307692,0.9230769230769232
Trace,1.0,1.0,1.0,1.0,1.0,1.0,1.0,1.0,1.0,1.0,1.0,1.0,1.0,1.0,1.0,1.0,1.0,1.0,1.0,1.0,1.0,1.0,1.0,1.0,1.0,1.0,1.0,1.0,1.0,1.0
TwoLeadECG,0.9982440737489026,0.9982440737489026,0.9982440737489026,0.9982440737489026,0.9991220368744512,0.9991220368744512,0.9982440737489026,0.9991220368744512,0.9964881474978052,0.9991220368744512,1.0,0.9956101843722563,1.0,0.9991220368744512,0.9991220368744512,0.9973661106233538,0.9982440737489026,0.9991220368744512,0.9991220368744512,0.9991220368744512,0.9982440737489026,0.9991220368744512,0.9991220368744512,0.9991220368744512,0.9964881474978052,0.9956101843722563,0.9991220368744512,0.9982440737489026,0.9991220368744512,0.9982440737489026
TwoPatterns,1.0,1.0,1.0,1.0,1.0,1.0,1.0,1.0,1.0,1.0,1.0,1.0,1.0,0.99975,1.0,1.0,1.0,1.0,1.0,1.0,1.0,1.0,1.0,1.0,1.0,1.0,1.0,1.0,1.0,1.0
UMD,0.9930555555555556,0.9930555555555556,0.9930555555555556,0.9930555555555556,0.9861111111111112,0.9652777777777778,0.9791666666666666,0.9930555555555556,0.9930555555555556,0.9861111111111112,0.9722222222222222,0.9930555555555556,0.9930555555555556,0.9791666666666666,0.9513888888888888,0.9930555555555556,0.9930555555555556,0.9861111111111112,1.0,0.9930555555555556,0.9930555555555556,0.9791666666666666,0.9930555555555556,1.0,0.9861111111111112,0.9861111111111112,0.9652777777777778,0.9930555555555556,0.9444444444444444,0.9930555555555556
UWaveGestureLibraryAll,0.9757118927973198,0.9782244556113904,0.9824120603015076,0.9734785036292574,0.9773869346733668,0.9762702400893356,0.9826912339475152,0.9757118927973198,0.9757118927973198,0.9773869346733668,0.9773869346733668,0.9748743718592964,0.9759910664433278,0.9812953657174762,0.9762702400893356,0.9801786711334449,0.9810161920714684,0.9815745393634839,0.975432719151312,0.9804578447794527,0.9743160245672808,0.9796203238414294,0.981853713009492,0.9737576772752652,0.9759910664433278,0.9810161920714684,0.9804578447794527,0.9734785036292574,0.9782244556113904,0.978782802903406
UWaveGestureLibraryX,0.8514796203238414,0.8696259073143495,0.8671133445002792,0.8559463986599665,0.8707426018983808,0.8637632607481853,0.8576214405360134,0.8590173087660525,0.8565047459519821,0.8662758235622557,0.8679508654383026,0.8634840871021775,0.8626465661641541,0.8732551647124511,0.8659966499162479,0.8612506979341149,0.8654383026242323,0.8584589614740369,0.8637632607481853,0.8724176437744277,0.8671133445002792,0.8651591289782244,0.864321608040201,0.8542713567839196,0.8665549972082636,0.8718592964824119,0.8718592964824119,0.867392518146287,0.8665549972082636,0.8657174762702401
UWaveGestureLibraryY,0.7914572864321608,0.7928531546621999,0.7830820770519263,0.7805695142378559,0.8029034059184813,0.8045784477945283,0.7906197654941374,0.7948073701842546,0.8031825795644891,0.8096035734226689,0.8006700167504187,0.8017867113344499,0.7964824120603015,0.8003908431044109,0.7973199329983249,0.8031825795644891,0.8051367950865438,0.7967615857063093,0.7959240647682859,0.7906197654941374,0.8073701842546064,0.7878280290340591,0.7987158012283639,0.7928531546621999,0.7989949748743719,0.7959240647682859,0.7978782802903406,0.804857621440536,0.8020658849804578,0.8026242322724735
UWaveGestureLibraryZ,0.8093243997766609,0.8065326633165829,0.8218872138470128,0.7995533221663875,0.8112786152987158,0.8146286990508096,0.8140703517587939,0.8107202680067002,0.8101619207146845,0.7984366275823562,0.8137911781127861,0.807928531546622,0.8037409268565048,0.8065326633165829,0.8059743160245673,0.8107202680067002,0.8149078726968174,0.8129536571747628,0.8129536571747628,0.8056951423785594,0.8199329983249581,0.8059743160245673,0.8070910106085986,0.8040201005025126,0.8031825795644891,0.8093243997766609,0.8059743160245673,0.8126744835287549,0.8137911781127861,0.8107202680067002
Wafer,0.9991888384166124,0.999675535366645,1.0,0.9998377676833226,0.9991888384166124,0.9998377676833226,1.0,0.9991888384166124,0.9998377676833226,0.99935107073329,1.0,1.0,0.9988643737832577,0.999675535366645,0.9988643737832577,0.9995133030499675,0.999675535366645,0.9985399091499026,1.0,0.9998377676833226,1.0,0.9995133030499675,0.9998377676833226,0.99935107073329,0.9998377676833226,0.9998377676833226,0.9998377676833226,0.99935107073329,0.9998377676833226,1.0
Wine,0.8333333333333334,0.9444444444444444,0.9444444444444444,0.8888888888888888,0.8703703703703703,0.9629629629629628,0.9074074074074074,0.9629629629629628,0.9074074074074074,0.9629629629629628,0.9814814814814816,0.8888888888888888,0.8333333333333334,1.0,0.9814814814814816,0.9444444444444444,0.9814814814814816,0.9074074074074074,0.925925925925926,0.8703703703703703,0.9444444444444444,0.8148148148148148,0.925925925925926,0.925925925925926,0.9814814814814816,0.925925925925926,0.9814814814814816,0.7777777777777778,0.925925925925926,0.8518518518518519
WordSynonyms,0.7648902821316614,0.7727272727272727,0.7570532915360502,0.7554858934169278,0.7727272727272727,0.7915360501567398,0.768025078369906,0.7586206896551724,0.7695924764890282,0.7789968652037618,0.7539184952978056,0.7821316614420063,0.7993730407523509,0.7586206896551724,0.7633228840125392,0.7476489028213166,0.7429467084639498,0.7899686520376176,0.7852664576802508,0.7727272727272727,0.780564263322884,0.7821316614420063,0.7664576802507836,0.768025078369906,0.7586206896551724,0.774294670846395,0.7711598746081505,0.774294670846395,0.7648902821316614,0.7711598746081505
Worms,0.7922077922077922,0.6753246753246753,0.7532467532467533,0.8051948051948052,0.7142857142857143,0.7922077922077922,0.8181818181818182,0.8571428571428571,0.7532467532467533,0.7272727272727273,0.8051948051948052,0.7532467532467533,0.7922077922077922,0.7662337662337663,0.7142857142857143,0.7142857142857143,0.7272727272727273,0.7402597402597403,0.8311688311688312,0.7532467532467533,0.7532467532467533,0.6883116883116883,0.6883116883116883,0.8311688311688312,0.7272727272727273,0.8311688311688312,0.7012987012987013,0.7012987012987013,0.7922077922077922,0.7922077922077922
WormsTwoClass,0.7922077922077922,0.8311688311688312,0.8441558441558441,0.7662337662337663,0.8051948051948052,0.8441558441558441,0.7402597402597403,0.8441558441558441,0.7402597402597403,0.7532467532467533,0.8441558441558441,0.7662337662337663,0.7662337662337663,0.8051948051948052,0.8311688311688312,0.7532467532467533,0.7532467532467533,0.7402597402597403,0.8961038961038961,0.7792207792207793,0.8051948051948052,0.7662337662337663,0.7922077922077922,0.8181818181818182,0.8571428571428571,0.8181818181818182,0.8441558441558441,0.7922077922077922,0.8181818181818182,0.7922077922077922
Yoga,0.9213333333333332,0.9229999999999999,0.9209999999999999,0.9296666666666666,0.9246666666666666,0.929,0.927,0.9353333333333332,0.9223333333333332,0.9383333333333334,0.9303333333333332,0.9006666666666666,0.9236666666666666,0.9159999999999999,0.9163333333333332,0.9236666666666666,0.9283333333333332,0.927,0.9143333333333332,0.9173333333333332,0.9326666666666666,0.9296666666666666,0.9216666666666666,0.9236666666666666,0.9313333333333332,0.9163333333333332,0.9123333333333332,0.9353333333333332,0.9276666666666666,0.9216666666666666
