,folds:,0,1,2,3,4,5,6,7,8,9,10,11,12,13,14,15,16,17,18,19,20,21,22,23,24,25,26,27,28,29
0,ACSF1,0.9,0.83,0.8,0.85,0.83,0.88,0.81,0.84,0.77,0.77,0.84,0.87,0.9,0.82,0.84,0.78,0.84,0.84,0.81,0.78,0.77,0.86,0.8,0.84,0.82,0.89,0.77,0.77,0.8,0.88
1,Adiac,0.8260869565217391,0.8132992327365729,0.8107416879795396,0.8005115089514067,0.8363171355498721,0.8158567774936062,0.8056265984654731,0.7979539641943734,0.7953964194373402,0.8056265984654731,0.7979539641943734,0.8158567774936062,0.7851662404092071,0.7928388746803069,0.8081841432225064,0.8235294117647058,0.8158567774936062,0.7928388746803069,0.7953964194373402,0.8107416879795396,0.8107416879795396,0.8363171355498721,0.8312020460358056,0.8158567774936062,0.80306905370844,0.8235294117647058,0.7979539641943734,0.8184143222506394,0.8465473145780051,0.8056265984654731
2,AllGestureWiimoteX,0.7042857142857143,0.7014285714285714,0.7057142857142857,0.6957142857142857,0.6957142857142857,0.6957142857142857,0.69,0.7057142857142857,0.7028571428571428,0.71,0.72,0.7,0.7014285714285714,0.7,0.7142857142857143,0.7042857142857143,0.71,0.7028571428571428,0.7042857142857143,0.6857142857142857,0.7042857142857143,0.7042857142857143,0.7142857142857143,0.7128571428571429,0.7085714285714285,0.68,0.6985714285714286,0.6928571428571428,0.7257142857142858,0.7014285714285714
3,AllGestureWiimoteY,0.7314285714285714,0.7685714285714286,0.7585714285714286,0.7428571428571429,0.7614285714285715,0.7457142857142857,0.7514285714285714,0.76,0.7571428571428571,0.75,0.75,0.7571428571428571,0.7642857142857142,0.7614285714285715,0.7428571428571429,0.7385714285714285,0.7442857142857143,0.7571428571428571,0.75,0.7585714285714286,0.7528571428571429,0.7471428571428571,0.75,0.7471428571428571,0.75,0.76,0.7471428571428571,0.7585714285714286,0.7514285714285714,0.7528571428571429
4,AllGestureWiimoteZ,0.6985714285714286,0.7,0.6971428571428572,0.6871428571428572,0.7157142857142857,0.7185714285714285,0.7014285714285714,0.6957142857142857,0.69,0.6971428571428572,0.6914285714285714,0.7114285714285714,0.6914285714285714,0.6985714285714286,0.6971428571428572,0.6971428571428572,0.7042857142857143,0.7042857142857143,0.7057142857142857,0.7128571428571429,0.6928571428571428,0.6871428571428572,0.6942857142857143,0.7,0.6985714285714286,0.7057142857142857,0.7185714285714285,0.6942857142857143,0.6985714285714286,0.6814285714285714
5,ArrowHead,0.8742857142857143,0.8857142857142857,0.9257142857142856,0.8971428571428571,0.8914285714285715,0.8742857142857143,0.8914285714285715,0.9142857142857144,0.9142857142857144,0.9085714285714286,0.8457142857142858,0.9085714285714286,0.7942857142857143,0.92,0.9142857142857144,0.9142857142857144,0.8457142857142858,0.92,0.8971428571428571,0.8914285714285715,0.9428571428571428,0.8971428571428571,0.8285714285714286,0.8914285714285715,0.9142857142857144,0.8971428571428571,0.9542857142857144,0.8857142857142857,0.8971428571428571,0.8742857142857143
6,BME,1.0,1.0,1.0,1.0,1.0,1.0,1.0,1.0,1.0,1.0,1.0,1.0,1.0,1.0,1.0,1.0,1.0,1.0,1.0,1.0,1.0,1.0,1.0,1.0,1.0,1.0,1.0,1.0,1.0,1.0
7,Beef,0.7666666666666667,0.7666666666666667,0.7666666666666667,0.6666666666666666,0.8666666666666667,0.6333333333333333,0.9,0.6666666666666666,0.9,0.8,0.7666666666666667,0.8,0.8666666666666667,0.6333333333333333,0.7666666666666667,0.8,0.7333333333333333,0.7333333333333333,0.6,0.8666666666666667,0.7666666666666667,0.9,0.8,0.6666666666666666,0.7666666666666667,0.6666666666666666,0.8666666666666667,0.8333333333333334,0.7,0.8333333333333334
8,BeetleFly,0.85,0.9,0.8,0.9,0.9,0.9,1.0,0.9,0.9,0.95,1.0,0.95,0.8,0.8,0.75,0.95,0.9,0.9,0.9,0.85,0.9,1.0,0.85,1.0,0.85,0.95,0.85,0.8,0.85,1.0
9,BirdChicken,0.9,0.9,0.8,1.0,1.0,0.95,0.9,0.8,0.85,0.9,0.9,0.9,0.95,0.85,0.85,0.95,0.95,0.9,0.85,0.9,0.9,0.95,0.95,0.9,0.8,0.9,0.9,0.8,0.9,0.8
10,CBF,0.9966666666666668,0.9944444444444444,0.9688888888888888,0.9955555555555556,0.9955555555555556,0.9855555555555556,0.9933333333333332,0.9944444444444444,0.9933333333333332,0.9988888888888888,0.9855555555555556,0.9955555555555556,0.9955555555555556,0.9977777777777778,0.9944444444444444,1.0,0.9922222222222222,0.9877777777777778,0.9844444444444445,0.9933333333333332,0.9755555555555556,0.9966666666666668,0.9988888888888888,0.9955555555555556,0.9988888888888888,0.9977777777777778,0.9977777777777778,0.9977777777777778,0.98,0.9944444444444444
11,Car,0.9333333333333332,0.9333333333333332,0.9166666666666666,0.9166666666666666,0.85,0.9333333333333332,0.9,0.9666666666666668,0.9166666666666666,0.9166666666666666,0.9166666666666666,0.8833333333333333,0.9166666666666666,0.9166666666666666,0.9,0.9333333333333332,0.9333333333333332,0.9166666666666666,0.9166666666666666,0.9333333333333332,0.9166666666666666,0.9333333333333332,0.95,0.9,0.9333333333333332,0.9,0.9333333333333332,0.9,0.9333333333333332,0.9
12,Chinatown,0.979591836734694,0.956268221574344,0.9737609329446064,0.9708454810495628,0.9650145772594751,0.9620991253644317,0.9650145772594751,0.967930029154519,0.97667638483965,0.9650145772594751,0.9708454810495628,0.9650145772594751,0.97667638483965,0.9708454810495628,0.9708454810495628,0.9504373177842566,0.9650145772594751,0.967930029154519,0.9708454810495628,0.9650145772594751,0.9591836734693876,0.9591836734693876,0.9650145772594751,0.9591836734693876,0.9620991253644317,0.9708454810495628,0.979591836734694,0.9620991253644317,0.9737609329446064,0.9620991253644317
13,ChlorineConcentration,0.7645833333333333,0.7890625,0.7677083333333333,0.7653645833333333,0.78125,0.76015625,0.7713541666666667,0.78671875,0.7643229166666666,0.7416666666666667,0.7669270833333334,0.7505208333333333,0.7731770833333333,0.7645833333333333,0.77109375,0.75703125,0.7768229166666667,0.7708333333333334,0.75546875,0.7453125,0.7580729166666667,0.7484375,0.76015625,0.7557291666666667,0.78828125,0.7473958333333334,0.7359375,0.7484375,0.7588541666666667,0.74296875
14,CinCECGTorso,0.9492753623188406,0.9427536231884058,0.9608695652173912,0.991304347826087,0.9521739130434784,0.9514492753623188,0.8833333333333333,0.9630434782608696,0.9681159420289857,0.960144927536232,0.9355072463768116,0.9804347826086957,0.9405797101449276,0.9579710144927536,0.9644927536231884,0.9594202898550724,0.9311594202898552,0.9833333333333332,0.932608695652174,0.9760869565217392,0.977536231884058,0.946376811594203,0.8818840579710145,0.9789855072463768,0.8913043478260869,0.967391304347826,0.941304347826087,0.9659420289855072,0.9543478260869566,0.8985507246376812
15,Coffee,1.0,1.0,1.0,1.0,1.0,1.0,1.0,1.0,1.0,1.0,1.0,1.0,1.0,1.0,1.0,1.0,1.0,1.0,1.0,1.0,1.0,1.0,1.0,1.0,1.0,1.0,1.0,1.0,0.9285714285714286,1.0
16,Computers,0.772,0.828,0.832,0.852,0.828,0.868,0.828,0.816,0.832,0.86,0.828,0.836,0.832,0.876,0.856,0.824,0.84,0.9,0.824,0.864,0.856,0.808,0.876,0.84,0.844,0.852,0.812,0.844,0.872,0.836
17,CricketX,0.7923076923076923,0.8153846153846154,0.8153846153846154,0.8076923076923077,0.8076923076923077,0.8025641025641026,0.7923076923076923,0.8384615384615385,0.8512820512820513,0.8153846153846154,0.8153846153846154,0.8333333333333334,0.8307692307692308,0.8256410256410256,0.8051282051282052,0.841025641025641,0.8025641025641026,0.8256410256410256,0.7743589743589744,0.8333333333333334,0.7974358974358975,0.8,0.8051282051282052,0.8333333333333334,0.8153846153846154,0.8179487179487179,0.8102564102564103,0.8128205128205128,0.8358974358974359,0.8025641025641026
18,CricketY,0.8435897435897436,0.8461538461538461,0.8,0.8076923076923077,0.8076923076923077,0.8153846153846154,0.8307692307692308,0.8205128205128205,0.8384615384615385,0.8487179487179487,0.8384615384615385,0.8666666666666667,0.8384615384615385,0.8076923076923077,0.8435897435897436,0.7923076923076923,0.8487179487179487,0.8282051282051283,0.8256410256410256,0.8205128205128205,0.8435897435897436,0.8256410256410256,0.8538461538461538,0.8333333333333334,0.8153846153846154,0.8487179487179487,0.8333333333333334,0.8256410256410256,0.8487179487179487,0.8538461538461538
19,CricketZ,0.8333333333333334,0.7974358974358975,0.8435897435897436,0.8179487179487179,0.8487179487179487,0.823076923076923,0.8282051282051283,0.8666666666666667,0.8564102564102564,0.7974358974358975,0.8256410256410256,0.8282051282051283,0.8051282051282052,0.8179487179487179,0.8282051282051283,0.8076923076923077,0.841025641025641,0.8358974358974359,0.8282051282051283,0.8461538461538461,0.8358974358974359,0.8076923076923077,0.8102564102564103,0.8076923076923077,0.8282051282051283,0.8358974358974359,0.8179487179487179,0.8051282051282052,0.7871794871794872,0.841025641025641
20,Crop,0.7648809523809523,0.7629166666666667,0.7611309523809524,0.7646428571428572,0.7653571428571428,0.7651190476190476,0.7670238095238096,0.7660119047619047,0.7610714285714286,0.7620238095238095,0.7620238095238095,0.76625,0.7673809523809524,0.7667857142857143,0.759702380952381,0.7645238095238095,0.7660714285714286,0.7623214285714286,0.7635714285714286,0.7645238095238095,0.7628571428571429,0.7610714285714286,0.7641666666666667,0.7643452380952381,0.7664880952380952,0.7680357142857143,0.765,0.7625595238095239,0.7636904761904761,0.7676190476190476
21,DiatomSizeReduction,0.9607843137254902,0.9803921568627452,0.9019607843137256,0.8856209150326797,0.9803921568627452,0.9803921568627452,0.9673202614379084,0.9705882352941176,0.9836601307189542,0.9738562091503268,0.8954248366013072,0.9575163398692812,0.9803921568627452,0.9215686274509804,0.9673202614379084,0.8921568627450981,0.937908496732026,0.9705882352941176,0.9738562091503268,0.8986928104575164,0.9673202614379084,0.954248366013072,0.9607843137254902,0.9705882352941176,0.8954248366013072,0.9836601307189542,0.954248366013072,0.9803921568627452,0.9738562091503268,0.9836601307189542
22,DistalPhalanxOutlineAgeGroup,0.7841726618705036,0.841726618705036,0.8057553956834532,0.8561151079136691,0.762589928057554,0.762589928057554,0.841726618705036,0.8129496402877698,0.7697841726618705,0.7913669064748201,0.7841726618705036,0.8057553956834532,0.8633093525179856,0.7985611510791367,0.8633093525179856,0.8201438848920863,0.8057553956834532,0.8489208633093526,0.8129496402877698,0.8201438848920863,0.762589928057554,0.8201438848920863,0.8057553956834532,0.8561151079136691,0.8129496402877698,0.8633093525179856,0.8201438848920863,0.8273381294964028,0.8489208633093526,0.8273381294964028
23,DistalPhalanxOutlineCorrect,0.7862318840579711,0.8152173913043478,0.8623188405797102,0.8043478260869565,0.822463768115942,0.8623188405797102,0.8623188405797102,0.8152173913043478,0.8260869565217391,0.855072463768116,0.8442028985507246,0.8586956521739131,0.8659420289855072,0.8659420289855072,0.855072463768116,0.8478260869565217,0.8586956521739131,0.8079710144927537,0.8478260869565217,0.8333333333333334,0.8478260869565217,0.8260869565217391,0.8007246376811594,0.8369565217391305,0.8659420289855072,0.8514492753623188,0.8152173913043478,0.8333333333333334,0.8260869565217391,0.8514492753623188
24,DistalPhalanxTW,0.7050359712230215,0.6906474820143885,0.7194244604316546,0.7338129496402878,0.7194244604316546,0.6834532374100719,0.6834532374100719,0.6834532374100719,0.7194244604316546,0.6762589928057554,0.6906474820143885,0.7050359712230215,0.6762589928057554,0.6618705035971223,0.697841726618705,0.697841726618705,0.7194244604316546,0.6834532374100719,0.7122302158273381,0.697841726618705,0.7122302158273381,0.7194244604316546,0.6834532374100719,0.7050359712230215,0.7266187050359713,0.6834532374100719,0.7122302158273381,0.7050359712230215,0.6690647482014388,0.7194244604316546
25,DodgerLoopDay,0.5875,0.5875,0.5875,0.6125,0.5875,0.575,0.575,0.575,0.6,0.5625,0.5875,0.575,0.6,0.575,0.575,0.575,0.5875,0.6125,0.5875,0.5625,0.5875,0.575,0.5875,0.575,0.6,0.575,0.625,0.5875,0.5625,0.6125
26,DodgerLoopGame,0.8260869565217391,0.8260869565217391,0.8188405797101449,0.8188405797101449,0.8115942028985508,0.8115942028985508,0.8260869565217391,0.8260869565217391,0.8260869565217391,0.8260869565217391,0.8188405797101449,0.8188405797101449,0.8188405797101449,0.8260869565217391,0.8260869565217391,0.8260869565217391,0.8188405797101449,0.8260869565217391,0.8405797101449275,0.8333333333333334,0.8188405797101449,0.8260869565217391,0.8188405797101449,0.8333333333333334,0.8260869565217391,0.8115942028985508,0.8188405797101449,0.8260869565217391,0.8333333333333334,0.8188405797101449
27,DodgerLoopWeekend,0.9782608695652174,0.9782608695652174,0.9782608695652174,0.9782608695652174,0.9782608695652174,0.9782608695652174,0.9782608695652174,0.9782608695652174,0.9782608695652174,0.9782608695652174,0.9782608695652174,0.9782608695652174,0.9782608695652174,0.9782608695652174,0.9782608695652174,0.9782608695652174,0.9782608695652174,0.9782608695652174,0.9782608695652174,0.9782608695652174,0.9782608695652174,0.9782608695652174,0.9782608695652174,0.9782608695652174,0.9782608695652174,0.9782608695652174,0.9782608695652174,0.9782608695652174,0.9782608695652174,0.9782608695652174
28,ECG200,0.92,0.89,0.89,0.9,0.9,0.91,0.83,0.89,0.93,0.89,0.87,0.87,0.9,0.86,0.89,0.88,0.85,0.92,0.93,0.86,0.85,0.87,0.86,0.92,0.88,0.92,0.88,0.92,0.88,0.9
29,ECG5000,0.9462222222222222,0.9453333333333334,0.9477777777777778,0.9484444444444444,0.9453333333333334,0.9477777777777778,0.9428888888888888,0.9422222222222222,0.9508888888888888,0.9451111111111112,0.9464444444444444,0.9428888888888888,0.9511111111111112,0.9451111111111112,0.9471111111111112,0.9464444444444444,0.9473333333333334,0.9451111111111112,0.9446666666666668,0.9482222222222222,0.9504444444444444,0.9477777777777778,0.9473333333333334,0.9462222222222222,0.9486666666666668,0.948,0.9446666666666668,0.9417777777777778,0.9475555555555556,0.9457777777777778
30,ECGFiveDays,1.0,1.0,1.0,0.9883855981416956,0.9907084785133564,0.9976771196283392,0.989547038327526,1.0,1.0,1.0,0.9976771196283392,1.0,0.9790940766550522,0.989547038327526,0.9976771196283392,1.0,1.0,1.0,0.9883855981416956,0.9814169570267132,0.9965156794425089,0.994192799070848,0.9860627177700348,0.9953542392566784,0.9988385598141696,0.9883855981416956,0.9976771196283392,0.9976771196283392,0.9860627177700348,0.9965156794425089
31,EOGHorizontalSignal,0.6298342541436464,0.850828729281768,0.8370165745856354,0.8701657458563536,0.8674033149171271,0.8535911602209945,0.850828729281768,0.8701657458563536,0.8812154696132597,0.9005524861878453,0.8453038674033149,0.8729281767955801,0.8701657458563536,0.8453038674033149,0.850828729281768,0.8701657458563536,0.8701657458563536,0.8591160220994475,0.8646408839779005,0.856353591160221,0.8701657458563536,0.8701657458563536,0.8729281767955801,0.856353591160221,0.8729281767955801,0.8756906077348067,0.856353591160221,0.8729281767955801,0.8370165745856354,0.8646408839779005
32,EOGVerticalSignal,0.5027624309392266,0.7790055248618785,0.8038674033149171,0.7817679558011049,0.7955801104972375,0.7983425414364641,0.8011049723756906,0.7817679558011049,0.7845303867403315,0.7596685082872928,0.8066298342541437,0.8093922651933702,0.7983425414364641,0.8066298342541437,0.787292817679558,0.7983425414364641,0.7983425414364641,0.8176795580110497,0.8176795580110497,0.8011049723756906,0.7790055248618785,0.8204419889502762,0.8149171270718232,0.7928176795580111,0.8149171270718232,0.7817679558011049,0.8066298342541437,0.7955801104972375,0.7955801104972375,0.8149171270718232
33,Earthquakes,0.7482014388489209,0.7482014388489209,0.7553956834532374,0.7482014388489209,0.7482014388489209,0.7553956834532374,0.7482014388489209,0.7482014388489209,0.7482014388489209,0.7482014388489209,0.7482014388489209,0.7482014388489209,0.7482014388489209,0.7482014388489209,0.7482014388489209,0.7482014388489209,0.7482014388489209,0.7553956834532374,0.7410071942446043,0.7482014388489209,0.7266187050359713,0.7482014388489209,0.7482014388489209,0.7482014388489209,0.7410071942446043,0.7482014388489209,0.7482014388489209,0.7482014388489209,0.7482014388489209,0.7553956834532374
34,ElectricDevices,0.7393334197899105,0.90195824147322,0.8948255738555311,0.8992348592919206,0.8952146284528596,0.896381792244845,0.9014395020101156,0.8988458046945922,0.8965114771106212,0.8983270652314875,0.9077940604331476,0.897938010634159,0.9032550901309816,0.8997535987550253,0.9048113085202956,0.9016988717416676,0.9037738295940864,0.9000129684865776,0.8967708468421736,0.9002723382181299,0.8978083257683829,0.9007910776812346,0.9016988717416676,0.9004020230839062,0.9026066658021008,0.8985864349630398,0.8997535987550253,0.9015691868758916,0.9059784723122812,0.9013098171443392
35,EthanolLevel,0.594,0.68,0.708,0.688,0.71,0.686,0.702,0.702,0.69,0.694,0.672,0.706,0.702,0.684,0.722,0.694,0.724,0.694,0.662,0.658,0.702,0.706,0.724,0.702,0.69,0.71,0.68,0.712,0.68,0.662
36,FaceAll,0.8130177514792899,0.9905325443786982,0.9928994082840236,0.9905325443786982,0.991715976331361,0.9875739644970414,0.9881656804733728,0.98698224852071,0.991715976331361,0.9893491124260356,0.9899408284023667,0.9887573964497042,0.9893491124260356,0.9911242603550297,0.9905325443786982,0.9881656804733728,0.9863905325443788,0.9893491124260356,0.9905325443786982,0.991715976331361,0.9887573964497042,0.9887573964497042,0.9911242603550297,0.9863905325443788,0.993491124260355,0.9905325443786982,0.9911242603550297,0.9928994082840236,0.9887573964497042,0.9893491124260356
37,FaceFour,0.9318181818181818,0.9659090909090908,0.7386363636363636,0.8522727272727273,0.9431818181818182,0.8863636363636364,0.875,0.9204545454545454,0.9090909090909092,0.8522727272727273,0.9431818181818182,0.9772727272727272,0.9204545454545454,0.8295454545454546,0.9431818181818182,0.9431818181818182,0.8863636363636364,0.8977272727272727,0.8295454545454546,0.9659090909090908,0.875,0.9090909090909092,0.875,0.9090909090909092,0.9204545454545454,0.9545454545454546,0.9090909090909092,0.875,0.8863636363636364,0.8522727272727273
38,FacesUCR,0.9590243902439024,0.968780487804878,0.973170731707317,0.9707317073170731,0.9658536585365852,0.9702439024390244,0.977560975609756,0.9678048780487803,0.973170731707317,0.964390243902439,0.9790243902439024,0.964390243902439,0.9634146341463414,0.9634146341463414,0.9658536585365852,0.9697560975609756,0.9648780487804878,0.96,0.977560975609756,0.9751219512195122,0.973170731707317,0.9682926829268292,0.9692682926829268,0.9736585365853658,0.968780487804878,0.962439024390244,0.9702439024390244,0.973170731707317,0.9741463414634146,0.9639024390243902
39,FiftyWords,0.8461538461538461,0.832967032967033,0.8417582417582418,0.8307692307692308,0.8417582417582418,0.8307692307692308,0.8153846153846154,0.843956043956044,0.843956043956044,0.8307692307692308,0.8395604395604396,0.8417582417582418,0.8131868131868132,0.843956043956044,0.8263736263736263,0.8351648351648352,0.8241758241758241,0.8153846153846154,0.8395604395604396,0.8307692307692308,0.8351648351648352,0.832967032967033,0.8175824175824176,0.8373626373626374,0.8307692307692308,0.8351648351648352,0.8285714285714286,0.8527472527472527,0.8263736263736263,0.8483516483516483
40,Fish,0.9828571428571428,0.9885714285714284,1.0,0.9828571428571428,0.9828571428571428,0.9885714285714284,0.9942857142857144,0.9714285714285714,0.9714285714285714,0.9885714285714284,0.96,0.9657142857142856,0.9657142857142856,0.9942857142857144,1.0,0.9828571428571428,0.9714285714285714,0.9714285714285714,0.9771428571428572,0.9885714285714284,0.9771428571428572,0.9828571428571428,0.9828571428571428,0.9771428571428572,0.9771428571428572,0.9828571428571428,0.9885714285714284,0.9885714285714284,0.9885714285714284,0.9771428571428572
41,FordA,0.9537878787878789,0.9409090909090908,0.956060606060606,0.95,0.9484848484848484,0.953030303030303,0.937878787878788,0.946969696969697,0.946969696969697,0.9575757575757576,0.956060606060606,0.9545454545454546,0.9568181818181818,0.9492424242424242,0.9575757575757576,0.9507575757575758,0.946969696969697,0.9515151515151516,0.956060606060606,0.9568181818181818,0.9522727272727272,0.9659090909090908,0.9522727272727272,0.9568181818181818,0.9507575757575758,0.9606060606060606,0.953030303030303,0.9583333333333334,0.9515151515151516,0.9553030303030304
42,FordB,0.825925925925926,0.9197530864197532,0.945679012345679,0.937037037037037,0.9246913580246914,0.9308641975308642,0.9333333333333332,0.94320987654321,0.9209876543209876,0.9333333333333332,0.928395061728395,0.9395061728395062,0.928395061728395,0.9209876543209876,0.928395061728395,0.9382716049382716,0.9308641975308642,0.9246913580246914,0.9358024691358025,0.9358024691358025,0.928395061728395,0.9320987654320988,0.928395061728395,0.9395061728395062,0.9320987654320988,0.9333333333333332,0.937037037037037,0.9358024691358025,0.9358024691358025,0.9197530864197532
43,FreezerRegularTrain,0.9996491228070176,0.9978947368421052,0.99859649122807,0.9989473684210526,0.9982456140350876,0.996842105263158,0.9989473684210526,0.9996491228070176,0.9957894736842106,0.99859649122807,0.99859649122807,0.9852631578947368,0.9982456140350876,0.9978947368421052,0.9975438596491228,0.9996491228070176,0.9996491228070176,0.9992982456140352,0.9992982456140352,0.9978947368421052,0.99859649122807,0.9982456140350876,0.9957894736842106,0.9996491228070176,0.9992982456140352,0.996842105263158,0.9947368421052633,0.99859649122807,0.9975438596491228,0.9989473684210526
44,FreezerSmallTrain,0.9936842105263158,0.996842105263158,0.9933333333333332,0.9863157894736844,0.995438596491228,0.9957894736842106,0.995438596491228,0.9950877192982456,0.9947368421052633,0.996842105263158,0.9971929824561404,0.9863157894736844,0.9933333333333332,0.9628070175438596,0.9982456140350876,0.9957894736842106,0.9863157894736844,0.9971929824561404,0.9950877192982456,0.9891228070175438,0.988421052631579,0.9957894736842106,0.9971929824561404,0.9975438596491228,0.9957894736842106,0.9936842105263158,0.9957894736842106,0.97859649122807,0.996140350877193,0.9736842105263158
45,Fungi,1.0,1.0,1.0,1.0,1.0,1.0,1.0,1.0,1.0,1.0,1.0,1.0,1.0,1.0,1.0,1.0,1.0,1.0,1.0,1.0,1.0,1.0,1.0,1.0,1.0,1.0,1.0,1.0,1.0,1.0
46,GestureMidAirD1,0.7538461538461538,0.7615384615384615,0.7692307692307693,0.7846153846153846,0.7538461538461538,0.7615384615384615,0.7461538461538462,0.7461538461538462,0.7461538461538462,0.7538461538461538,0.7384615384615385,0.7384615384615385,0.7692307692307693,0.7384615384615385,0.7538461538461538,0.7615384615384615,0.7615384615384615,0.7615384615384615,0.7692307692307693,0.7615384615384615,0.7615384615384615,0.7538461538461538,0.7615384615384615,0.7615384615384615,0.7538461538461538,0.7538461538461538,0.7538461538461538,0.7461538461538462,0.7538461538461538,0.7615384615384615
47,GestureMidAirD2,0.7,0.6923076923076923,0.6923076923076923,0.676923076923077,0.6461538461538462,0.676923076923077,0.6846153846153846,0.6923076923076923,0.6846153846153846,0.6923076923076923,0.6923076923076923,0.676923076923077,0.6692307692307692,0.6923076923076923,0.676923076923077,0.6923076923076923,0.676923076923077,0.6923076923076923,0.6615384615384615,0.6692307692307692,0.6923076923076923,0.6846153846153846,0.676923076923077,0.7076923076923077,0.6615384615384615,0.6615384615384615,0.6923076923076923,0.6923076923076923,0.6615384615384615,0.7
48,GestureMidAirD3,0.5,0.5,0.5230769230769231,0.5,0.5076923076923077,0.5461538461538461,0.5076923076923077,0.5153846153846153,0.5076923076923077,0.5230769230769231,0.5153846153846153,0.4846153846153846,0.5230769230769231,0.5076923076923077,0.5,0.5153846153846153,0.5076923076923077,0.5,0.5153846153846153,0.5153846153846153,0.5230769230769231,0.5230769230769231,0.5307692307692308,0.5153846153846153,0.5230769230769231,0.5153846153846153,0.5230769230769231,0.5461538461538461,0.5076923076923077,0.5153846153846153
49,GesturePebbleZ1,0.9127906976744186,0.9186046511627908,0.9186046511627908,0.9127906976744186,0.9186046511627908,0.9127906976744186,0.8953488372093024,0.9127906976744186,0.9186046511627908,0.9186046511627908,0.9127906976744186,0.9186046511627908,0.9127906976744186,0.9127906976744186,0.9127906976744186,0.9186046511627908,0.9127906976744186,0.9127906976744186,0.9186046511627908,0.9127906976744186,0.9127906976744186,0.9069767441860463,0.9186046511627908,0.9069767441860463,0.9127906976744186,0.9127906976744186,0.9127906976744186,0.9186046511627908,0.9127906976744186,0.9186046511627908
50,GesturePebbleZ2,0.8544303797468354,0.8607594936708861,0.8354430379746836,0.879746835443038,0.8670886075949367,0.8481012658227848,0.8544303797468354,0.8544303797468354,0.8481012658227848,0.8670886075949367,0.8417721518987342,0.8670886075949367,0.8544303797468354,0.8607594936708861,0.8481012658227848,0.8481012658227848,0.8734177215189873,0.8544303797468354,0.8544303797468354,0.8607594936708861,0.8607594936708861,0.8607594936708861,0.8670886075949367,0.8670886075949367,0.8607594936708861,0.8544303797468354,0.8481012658227848,0.8544303797468354,0.8734177215189873,0.8670886075949367
51,GunPoint,1.0,1.0,1.0,1.0,1.0,0.9933333333333332,0.9933333333333332,1.0,1.0,1.0,1.0,1.0,1.0,1.0,1.0,1.0,0.9933333333333332,1.0,1.0,0.9733333333333334,1.0,1.0,1.0,0.9933333333333332,1.0,0.9933333333333332,1.0,1.0,0.9933333333333332,0.9866666666666668
52,GunPointAgeSpan,1.0,0.9936708860759492,1.0,0.9936708860759492,1.0,0.9873417721518988,0.9841772151898734,0.9968354430379748,0.9968354430379748,1.0,1.0,0.9936708860759492,0.9936708860759492,1.0,0.9936708860759492,1.0,0.9968354430379748,0.9968354430379748,1.0,0.9841772151898734,1.0,0.9968354430379748,1.0,0.9968354430379748,1.0,1.0,1.0,0.9968354430379748,1.0,0.9746835443037974
53,GunPointMaleVersusFemale,1.0,1.0,1.0,1.0,1.0,1.0,1.0,1.0,1.0,1.0,1.0,1.0,1.0,1.0,1.0,1.0,1.0,1.0,1.0,1.0,1.0,1.0,1.0,1.0,1.0,1.0,1.0,1.0,1.0,1.0
54,GunPointOldVersusYoung,1.0,1.0,1.0,1.0,1.0,1.0,1.0,1.0,1.0,1.0,1.0,1.0,1.0,1.0,1.0,1.0,1.0,1.0,1.0,1.0,1.0,1.0,1.0,1.0,1.0,1.0,1.0,1.0,1.0,1.0
55,Ham,0.7047619047619048,0.8285714285714286,0.8285714285714286,0.8,0.7904761904761904,0.8761904761904762,0.8095238095238095,0.8476190476190476,0.8380952380952381,0.8380952380952381,0.8285714285714286,0.8095238095238095,0.8761904761904762,0.8666666666666667,0.8571428571428571,0.8095238095238095,0.8380952380952381,0.8761904761904762,0.8380952380952381,0.8,0.8285714285714286,0.8380952380952381,0.8095238095238095,0.8571428571428571,0.8857142857142857,0.8476190476190476,0.8285714285714286,0.8380952380952381,0.8285714285714286,0.7523809523809524
56,HandOutlines,0.945945945945946,0.9486486486486486,0.945945945945946,0.9486486486486486,0.945945945945946,0.9378378378378378,0.9405405405405406,0.945945945945946,0.945945945945946,0.9513513513513514,0.945945945945946,0.945945945945946,0.9486486486486486,0.9486486486486486,0.9486486486486486,0.9378378378378378,0.945945945945946,0.945945945945946,0.9405405405405406,0.9513513513513514,0.9486486486486486,0.945945945945946,0.9486486486486486,0.9405405405405406,0.9486486486486486,0.954054054054054,0.9486486486486486,0.9432432432432432,0.9432432432432432,0.9486486486486486
57,Haptics,0.5584415584415584,0.5714285714285714,0.5844155844155844,0.5616883116883117,0.5584415584415584,0.5584415584415584,0.5097402597402597,0.5227272727272727,0.5454545454545454,0.5357142857142857,0.5584415584415584,0.5584415584415584,0.5422077922077922,0.5194805194805194,0.5909090909090909,0.6038961038961039,0.5454545454545454,0.5357142857142857,0.5097402597402597,0.5746753246753247,0.564935064935065,0.5227272727272727,0.525974025974026,0.5584415584415584,0.5714285714285714,0.577922077922078,0.551948051948052,0.5584415584415584,0.525974025974026,0.5162337662337663
58,Herring,0.703125,0.640625,0.625,0.578125,0.625,0.59375,0.640625,0.609375,0.578125,0.65625,0.609375,0.6875,0.53125,0.578125,0.59375,0.6875,0.59375,0.671875,0.59375,0.609375,0.625,0.53125,0.625,0.53125,0.625,0.640625,0.65625,0.5625,0.671875,0.59375
59,HouseTwenty,0.9747899159663864,0.9915966386554622,0.9747899159663864,0.9915966386554622,0.9915966386554622,0.9831932773109244,0.9915966386554622,0.9831932773109244,0.9663865546218487,0.9327731092436976,0.9831932773109244,0.9663865546218487,0.9915966386554622,0.9831932773109244,0.9831932773109244,0.9831932773109244,0.957983193277311,0.9831932773109244,0.9831932773109244,0.9411764705882352,0.957983193277311,0.9831932773109244,0.9915966386554622,0.9915966386554622,0.9831932773109244,0.9915966386554622,0.9831932773109244,0.9915966386554622,0.9831932773109244,0.9411764705882352
60,InlineSkate,0.4727272727272727,0.4909090909090909,0.509090909090909,0.4963636363636363,0.5018181818181818,0.4654545454545454,0.4745454545454545,0.4854545454545454,0.5109090909090909,0.4545454545454545,0.5218181818181818,0.4781818181818182,0.4490909090909091,0.4890909090909091,0.4672727272727273,0.4363636363636363,0.4545454545454545,0.4490909090909091,0.4854545454545454,0.4709090909090909,0.4854545454545454,0.4381818181818182,0.4581818181818182,0.5054545454545455,0.4981818181818181,0.509090909090909,0.4672727272727273,0.4854545454545454,0.4836363636363636,0.5309090909090909
61,InsectEPGRegularTrain,1.0,1.0,1.0,1.0,1.0,1.0,1.0,1.0,1.0,1.0,1.0,1.0,1.0,1.0,1.0,1.0,1.0,1.0,1.0,1.0,1.0,1.0,1.0,1.0,1.0,1.0,1.0,1.0,1.0,1.0
62,InsectEPGSmallTrain,1.0,0.9959839357429718,1.0,0.9799196787148594,1.0,0.9959839357429718,1.0,0.9959839357429718,0.9518072289156626,1.0,0.9718875502008032,1.0,1.0,0.9959839357429718,1.0,1.0,1.0,0.9959839357429718,1.0,1.0,1.0,1.0,1.0,1.0,1.0,1.0,1.0,1.0,1.0,1.0
63,InsectWingbeatSound,0.6722222222222223,0.6853535353535354,0.6621212121212121,0.6808080808080809,0.6838383838383838,0.6858585858585858,0.6636363636363637,0.6631313131313131,0.6848484848484848,0.6752525252525252,0.6651515151515152,0.6601010101010101,0.6868686868686869,0.6813131313131313,0.6792929292929293,0.6681818181818182,0.6494949494949495,0.6621212121212121,0.6676767676767676,0.6676767676767676,0.6601010101010101,0.6702020202020202,0.657070707070707,0.6833333333333333,0.6813131313131313,0.6707070707070707,0.6606060606060606,0.6853535353535354,0.6641414141414141,0.6651515151515152
64,ItalyPowerDemand,0.9689018464528668,0.9494655004859086,0.9650145772594751,0.9689018464528668,0.966958211856171,0.9698736637512148,0.9640427599611272,0.9708454810495628,0.9407191448007776,0.967930029154519,0.9650145772594751,0.9650145772594751,0.967930029154519,0.9659863945578232,0.9611273080660836,0.9659863945578232,0.9494655004859086,0.966958211856171,0.967930029154519,0.9659863945578232,0.9640427599611272,0.9659863945578232,0.9650145772594751,0.967930029154519,0.967930029154519,0.967930029154519,0.9718172983479106,0.9630709426627794,0.9611273080660836,0.966958211856171
65,LargeKitchenAppliances,0.8693333333333333,0.9306666666666666,0.936,0.936,0.9493333333333334,0.9226666666666666,0.9333333333333332,0.952,0.9333333333333332,0.9386666666666666,0.9386666666666666,0.9413333333333334,0.9413333333333334,0.9413333333333334,0.9466666666666668,0.9333333333333332,0.944,0.936,0.9253333333333332,0.9493333333333334,0.96,0.9386666666666666,0.944,0.9333333333333332,0.944,0.9226666666666666,0.92,0.9386666666666666,0.928,0.9066666666666666
66,Lightning2,0.6885245901639344,0.7868852459016393,0.7377049180327869,0.8032786885245902,0.7049180327868853,0.7540983606557377,0.7377049180327869,0.7704918032786885,0.7213114754098361,0.6229508196721312,0.7377049180327869,0.7704918032786885,0.7868852459016393,0.8032786885245902,0.7377049180327869,0.7868852459016393,0.7868852459016393,0.7540983606557377,0.7868852459016393,0.639344262295082,0.7704918032786885,0.7213114754098361,0.6557377049180327,0.7213114754098361,0.8032786885245902,0.7704918032786885,0.7377049180327869,0.8360655737704918,0.6557377049180327,0.7377049180327869
67,Lightning7,0.821917808219178,0.8082191780821918,0.684931506849315,0.7397260273972602,0.7945205479452054,0.7945205479452054,0.7945205479452054,0.7534246575342466,0.7397260273972602,0.7534246575342466,0.7123287671232876,0.7534246575342466,0.8493150684931506,0.7534246575342466,0.7808219178082192,0.7534246575342466,0.821917808219178,0.7808219178082192,0.7945205479452054,0.7534246575342466,0.7534246575342466,0.7671232876712328,0.8082191780821918,0.7671232876712328,0.7945205479452054,0.7808219178082192,0.7945205479452054,0.7945205479452054,0.7808219178082192,0.8356164383561644
68,Mallat,0.9257995735607676,0.9582089552238806,0.9628997867803838,0.93091684434968,0.956503198294243,0.9582089552238806,0.96545842217484,0.9748400852878464,0.9658848614072496,0.9607675906183368,0.969722814498934,0.9381663113006397,0.9616204690831556,0.9518123667377398,0.9590618336886994,0.9377398720682304,0.9287846481876332,0.9569296375266524,0.9381663113006397,0.9718550106609808,0.9628997867803838,0.9735607675906184,0.9582089552238806,0.9650319829424308,0.9411513859275054,0.9330490405117272,0.9680170575692963,0.9449893390191898,0.9616204690831556,0.9688699360341152
69,Meat,0.9333333333333332,0.9833333333333332,0.9833333333333332,0.9666666666666668,0.9833333333333332,1.0,1.0,0.9833333333333332,0.9833333333333332,1.0,0.9833333333333332,0.9833333333333332,1.0,0.9666666666666668,0.9666666666666668,0.95,1.0,1.0,0.9833333333333332,1.0,1.0,1.0,0.9666666666666668,0.9666666666666668,0.9666666666666668,0.9833333333333332,0.9833333333333332,1.0,0.9666666666666668,1.0
70,MedicalImages,0.8052631578947368,0.7934210526315789,0.8131578947368421,0.8013157894736842,0.7921052631578948,0.8223684210526315,0.8065789473684211,0.8013157894736842,0.7947368421052632,0.8105263157894737,0.8223684210526315,0.8171052631578948,0.7828947368421053,0.8105263157894737,0.8157894736842105,0.781578947368421,0.7907894736842105,0.8118421052631579,0.7947368421052632,0.8171052631578948,0.8092105263157895,0.7763157894736842,0.7973684210526316,0.8157894736842105,0.7947368421052632,0.8105263157894737,0.8210526315789474,0.8026315789473685,0.7894736842105263,0.7986842105263158
71,MelbournePedestrian,0.96309963099631,0.96309963099631,0.957769577695777,0.9618696186961868,0.963919639196392,0.9626896268962688,0.962279622796228,0.964329643296433,0.961459614596146,0.961459614596146,0.9626896268962688,0.964329643296433,0.963509635096351,0.9602296022960228,0.958589585895859,0.959819598195982,0.959409594095941,0.965969659696597,0.961459614596146,0.9618696186961868,0.958589585895859,0.964739647396474,0.9602296022960228,0.961459614596146,0.960639606396064,0.965149651496515,0.9626896268962688,0.96309963099631,0.963919639196392,0.959409594095941
72,MiddlePhalanxOutlineAgeGroup,0.6298701298701299,0.7142857142857143,0.8116883116883117,0.7532467532467533,0.6753246753246753,0.7467532467532467,0.7077922077922078,0.7532467532467533,0.6883116883116883,0.6428571428571429,0.7012987012987013,0.7402597402597403,0.7662337662337663,0.7012987012987013,0.7792207792207793,0.7142857142857143,0.7272727272727273,0.7272727272727273,0.7337662337662337,0.7142857142857143,0.7467532467532467,0.7207792207792207,0.7337662337662337,0.7142857142857143,0.6428571428571429,0.7727272727272727,0.7077922077922078,0.7532467532467533,0.7532467532467533,0.7402597402597403
73,MiddlePhalanxOutlineCorrect,0.8350515463917526,0.8591065292096219,0.8591065292096219,0.852233676975945,0.865979381443299,0.8384879725085911,0.8316151202749141,0.8178694158075601,0.852233676975945,0.8350515463917526,0.8316151202749141,0.852233676975945,0.8419243986254296,0.8487972508591065,0.8591065292096219,0.8247422680412371,0.8556701030927835,0.845360824742268,0.8281786941580757,0.8625429553264605,0.845360824742268,0.8556701030927835,0.8556701030927835,0.8487972508591065,0.8419243986254296,0.8316151202749141,0.8487972508591065,0.8487972508591065,0.8419243986254296,0.8247422680412371
74,MiddlePhalanxTW,0.5454545454545454,0.5974025974025974,0.6168831168831169,0.6428571428571429,0.5714285714285714,0.6428571428571429,0.6038961038961039,0.5974025974025974,0.577922077922078,0.5974025974025974,0.5844155844155844,0.5714285714285714,0.6233766233766234,0.538961038961039,0.6038961038961039,0.5584415584415584,0.577922077922078,0.5844155844155844,0.577922077922078,0.5974025974025974,0.5974025974025974,0.6233766233766234,0.551948051948052,0.5844155844155844,0.6298701298701299,0.6038961038961039,0.6168831168831169,0.6038961038961039,0.6233766233766234,0.5714285714285714
75,MixedShapesRegularTrain,0.982680412371134,0.9731958762886598,0.9789690721649484,0.9727835051546392,0.9760824742268042,0.9744329896907216,0.9744329896907216,0.9740206185567012,0.9781443298969072,0.971958762886598,0.9777319587628864,0.9674226804123712,0.983917525773196,0.9810309278350516,0.9777319587628864,0.9818556701030928,0.981443298969072,0.9797938144329896,0.9752577319587628,0.9756701030927836,0.977319587628866,0.983917525773196,0.9756701030927836,0.9777319587628864,0.9748453608247424,0.981443298969072,0.9797938144329896,0.9843298969072164,0.9822680412371134,0.9810309278350516
76,MixedShapesSmallTrain,0.9649484536082474,0.9525773195876288,0.942680412371134,0.9649484536082474,0.9529896907216496,0.963298969072165,0.962061855670103,0.9575257731958764,0.9562886597938144,0.9501030927835052,0.9484536082474226,0.9575257731958764,0.95340206185567,0.9435051546391752,0.9385567010309278,0.9150515463917526,0.9509278350515464,0.9484536082474226,0.9397938144329896,0.9649484536082474,0.9538144329896908,0.9628865979381444,0.9529896907216496,0.9476288659793816,0.9509278350515464,0.9517525773195876,0.9674226804123712,0.9406185567010308,0.9587628865979382,0.9538144329896908
77,MoteStrain,0.9456869009584664,0.90814696485623,0.9041533546325878,0.8466453674121406,0.919329073482428,0.8466453674121406,0.896964856230032,0.9169329073482428,0.9041533546325878,0.9329073482428116,0.8945686900958466,0.9065495207667732,0.8586261980830671,0.9137380191693292,0.9313099041533548,0.9257188498402557,0.8905750798722045,0.8682108626198083,0.8714057507987221,0.9121405750798722,0.8690095846645367,0.8738019169329073,0.9345047923322684,0.9089456869009584,0.9233226837060704,0.926517571884984,0.9600638977635784,0.9089456869009584,0.9121405750798722,0.9496805111821086
78,NonInvasiveFetalECGThorax1,0.9511450381679388,0.9480916030534352,0.9516539440203562,0.9501272264631044,0.9506361323155216,0.9491094147582696,0.9491094147582696,0.9506361323155216,0.9475826972010178,0.9480916030534352,0.9506361323155216,0.9541984732824428,0.9531806615776082,0.9465648854961832,0.9567430025445292,0.9511450381679388,0.9480916030534352,0.9496183206106872,0.946055979643766,0.9501272264631044,0.9486005089058523,0.9475826972010178,0.9491094147582696,0.9491094147582696,0.9521628498727736,0.9511450381679388,0.9465648854961832,0.9501272264631044,0.9486005089058523,0.9465648854961832
79,NonInvasiveFetalECGThorax2,0.9516539440203562,0.9536895674300254,0.9541984732824428,0.961323155216285,0.957760814249364,0.956234096692112,0.9608142493638676,0.9567430025445292,0.9597964376590332,0.9582697201017812,0.9552162849872774,0.9587786259541984,0.956234096692112,0.9597964376590332,0.9597964376590332,0.957760814249364,0.9587786259541984,0.9552162849872774,0.956234096692112,0.9567430025445292,0.961323155216285,0.957760814249364,0.9587786259541984,0.961323155216285,0.9587786259541984,0.9592875318066156,0.9557251908396946,0.9557251908396946,0.9618320610687024,0.9572519083969464
80,OSULeaf,0.9586776859504132,0.9710743801652892,0.9710743801652892,0.9545454545454546,0.9586776859504132,0.962809917355372,0.9545454545454546,0.9462809917355371,0.950413223140496,0.9462809917355371,0.9586776859504132,0.962809917355372,0.9545454545454546,0.962809917355372,0.9669421487603306,0.9421487603305784,0.9462809917355371,0.9462809917355371,0.9586776859504132,0.9545454545454546,0.962809917355372,0.962809917355372,0.9545454545454546,0.9710743801652892,0.9545454545454546,0.962809917355372,0.9669421487603306,0.962809917355372,0.9545454545454546,0.9380165289256198
81,OliveOil,0.9333333333333332,0.9,0.8666666666666667,0.9666666666666668,0.8666666666666667,0.9333333333333332,0.9333333333333332,0.8666666666666667,0.9666666666666668,0.8333333333333334,0.8666666666666667,0.9333333333333332,0.8666666666666667,0.9333333333333332,0.9666666666666668,0.8666666666666667,0.9333333333333332,0.8666666666666667,0.9,0.9666666666666668,0.9,0.8666666666666667,0.8333333333333334,0.8666666666666667,0.9333333333333332,0.9,0.9,0.8333333333333334,0.8666666666666667,0.9666666666666668
82,PLAID,0.9162011173184358,0.9217877094972068,0.9273743016759776,0.9199255121042832,0.9124767225325884,0.9162011173184358,0.9087523277467412,0.9068901303538176,0.9106145251396648,0.9217877094972068,0.914338919925512,0.9162011173184358,0.9162011173184358,0.9199255121042832,0.9180633147113594,0.9162011173184358,0.9162011173184358,0.9199255121042832,0.9162011173184358,0.914338919925512,0.9236499068901304,0.914338919925512,0.9106145251396648,0.9217877094972068,0.9217877094972068,0.9180633147113594,0.9217877094972068,0.9273743016759776,0.9124767225325884,0.9199255121042832
83,PhalangesOutlinesCorrect,0.8286713286713286,0.8461538461538461,0.8473193473193473,0.8566433566433567,0.8275058275058275,0.8473193473193473,0.8554778554778555,0.8426573426573427,0.8461538461538461,0.8636363636363636,0.8414918414918415,0.8228438228438228,0.8694638694638694,0.8519813519813519,0.8566433566433567,0.865967365967366,0.8426573426573427,0.8426573426573427,0.8414918414918415,0.837995337995338,0.8414918414918415,0.8426573426573427,0.8438228438228438,0.8368298368298368,0.8438228438228438,0.8508158508158508,0.837995337995338,0.8473193473193473,0.8438228438228438,0.8473193473193473
84,Phoneme,0.3496835443037974,0.3401898734177215,0.3428270042194092,0.3227848101265823,0.3417721518987341,0.3718354430379746,0.3507383966244726,0.3554852320675105,0.3343881856540084,0.3465189873417721,0.3343881856540084,0.3417721518987341,0.3533755274261603,0.3739451476793249,0.3591772151898734,0.3127637130801687,0.3660337552742616,0.3570675105485232,0.3459915611814346,0.3470464135021097,0.3391350210970464,0.3628691983122363,0.3533755274261603,0.3280590717299578,0.3744725738396624,0.3602320675105485,0.3697257383966245,0.3765822784810126,0.354957805907173,0.3792194092827004
85,PickupGestureWiimoteZ,0.82,0.82,0.8,0.8,0.84,0.76,0.82,0.82,0.82,0.82,0.8,0.8,0.82,0.84,0.8,0.82,0.82,0.82,0.8,0.8,0.86,0.82,0.84,0.82,0.8,0.84,0.8,0.84,0.8,0.84
86,PigAirwayPressure,0.5432692307692307,0.6057692307692307,0.5913461538461539,0.5913461538461539,0.5336538461538461,0.5865384615384616,0.5721153846153846,0.5865384615384616,0.5192307692307693,0.6442307692307693,0.5817307692307693,0.5817307692307693,0.6009615384615384,0.5913461538461539,0.5625,0.5576923076923077,0.5576923076923077,0.5673076923076923,0.6201923076923077,0.5817307692307693,0.6394230769230769,0.4855769230769231,0.5817307692307693,0.6105769230769231,0.5192307692307693,0.5528846153846154,0.5480769230769231,0.5673076923076923,0.5336538461538461,0.5432692307692307
87,PigArtPressure,0.9519230769230768,0.9230769230769232,0.9230769230769232,0.908653846153846,0.8894230769230769,0.9326923076923076,0.9230769230769232,0.9375,0.9230769230769232,0.9278846153846154,0.9326923076923076,0.875,0.9230769230769232,0.9230769230769232,0.8942307692307693,0.9134615384615384,0.8990384615384616,0.9278846153846154,0.8894230769230769,0.9182692307692308,0.9134615384615384,0.903846153846154,0.9375,0.9182692307692308,0.9278846153846154,0.9182692307692308,0.9182692307692308,0.8990384615384616,0.9471153846153846,0.903846153846154
88,PigCVP,0.8557692307692307,0.7980769230769231,0.7932692307692307,0.8269230769230769,0.7884615384615384,0.8221153846153846,0.8317307692307693,0.8076923076923077,0.8557692307692307,0.8365384615384616,0.8221153846153846,0.8076923076923077,0.8605769230769231,0.8125,0.8173076923076923,0.7596153846153846,0.8125,0.8028846153846154,0.7788461538461539,0.75,0.8076923076923077,0.8269230769230769,0.8076923076923077,0.8173076923076923,0.7932692307692307,0.7932692307692307,0.7788461538461539,0.7932692307692307,0.8076923076923077,0.8221153846153846
89,Plane,1.0,1.0,1.0,1.0,1.0,1.0,1.0,1.0,1.0,1.0,1.0,1.0,1.0,1.0,1.0,1.0,1.0,1.0,1.0,1.0,1.0,1.0,1.0,1.0,1.0,1.0,1.0,1.0,1.0,1.0
90,PowerCons,0.9944444444444444,0.9722222222222222,0.9777777777777776,0.9722222222222222,0.9666666666666668,0.9833333333333332,0.9666666666666668,0.9833333333333332,1.0,0.9666666666666668,0.9555555555555556,0.9666666666666668,0.9777777777777776,0.9555555555555556,0.9722222222222222,0.9666666666666668,1.0,0.9666666666666668,0.9833333333333332,0.9944444444444444,0.9666666666666668,0.95,0.9722222222222222,0.9888888888888888,0.9944444444444444,0.9833333333333332,0.9777777777777776,0.9833333333333332,0.9833333333333332,0.9722222222222222
91,ProximalPhalanxOutlineAgeGroup,0.8585365853658536,0.8585365853658536,0.8195121951219512,0.8536585365853658,0.848780487804878,0.8682926829268293,0.8878048780487805,0.8195121951219512,0.8292682926829268,0.8439024390243902,0.8975609756097561,0.8780487804878049,0.8585365853658536,0.848780487804878,0.8682926829268293,0.8292682926829268,0.8634146341463415,0.8146341463414634,0.8634146341463415,0.8926829268292683,0.8634146341463415,0.8536585365853658,0.8682926829268293,0.8390243902439024,0.8682926829268293,0.8634146341463415,0.8048780487804879,0.8682926829268293,0.8341463414634146,0.8634146341463415
92,ProximalPhalanxOutlineCorrect,0.9072164948453608,0.9003436426116839,0.9037800687285223,0.9072164948453608,0.9072164948453608,0.9072164948453608,0.8487972508591065,0.8934707903780069,0.9140893470790378,0.9072164948453608,0.9072164948453608,0.9209621993127148,0.8865979381443299,0.9003436426116839,0.8969072164948454,0.9106529209621992,0.9003436426116839,0.9175257731958762,0.9072164948453608,0.9072164948453608,0.8969072164948454,0.8934707903780069,0.9003436426116839,0.8762886597938144,0.9209621993127148,0.8625429553264605,0.9175257731958762,0.8797250859106529,0.8969072164948454,0.8969072164948454
93,ProximalPhalanxTW,0.7853658536585366,0.8341463414634146,0.7902439024390244,0.8439024390243902,0.7804878048780488,0.824390243902439,0.775609756097561,0.8195121951219512,0.8048780487804879,0.824390243902439,0.7951219512195122,0.7902439024390244,0.8292682926829268,0.8146341463414634,0.8097560975609757,0.8146341463414634,0.7951219512195122,0.8048780487804879,0.824390243902439,0.824390243902439,0.824390243902439,0.8,0.8097560975609757,0.7951219512195122,0.7560975609756098,0.7902439024390244,0.8,0.7951219512195122,0.7902439024390244,0.7951219512195122
94,RefrigerationDevices,0.5226666666666666,0.7253333333333334,0.744,0.6986666666666667,0.7066666666666667,0.728,0.7413333333333333,0.7386666666666667,0.696,0.7386666666666667,0.752,0.712,0.6933333333333334,0.7493333333333333,0.712,0.7493333333333333,0.7413333333333333,0.7306666666666667,0.7306666666666667,0.7413333333333333,0.7253333333333334,0.744,0.7146666666666667,0.712,0.7386666666666667,0.7546666666666667,0.736,0.7626666666666667,0.704,0.7413333333333333
95,Rock,0.84,0.86,0.84,0.8,0.86,0.92,0.86,0.88,0.82,0.78,0.84,0.82,0.88,0.8,0.84,0.88,0.9,0.86,0.88,0.88,0.78,0.88,0.92,0.9,0.86,0.92,0.9,0.88,0.82,0.82
96,ScreenType,0.536,0.6586666666666666,0.6133333333333333,0.6933333333333334,0.6026666666666667,0.64,0.632,0.6186666666666667,0.6293333333333333,0.6666666666666666,0.656,0.6533333333333333,0.64,0.6213333333333333,0.6533333333333333,0.656,0.6186666666666667,0.656,0.6213333333333333,0.6346666666666667,0.5946666666666667,0.6293333333333333,0.6666666666666666,0.6506666666666666,0.648,0.672,0.632,0.6533333333333333,0.6426666666666667,0.656
97,SemgHandGenderCh2,0.9333333333333332,0.9366666666666666,0.935,0.94,0.945,0.94,0.935,0.9466666666666668,0.9533333333333334,0.9483333333333334,0.9316666666666666,0.9433333333333334,0.9316666666666666,0.9416666666666668,0.935,0.95,0.9466666666666668,0.9433333333333334,0.935,0.94,0.9316666666666666,0.9366666666666666,0.9333333333333332,0.935,0.94,0.94,0.9266666666666666,0.915,0.9316666666666666,0.94
98,SemgHandMovementCh2,0.7266666666666667,0.7577777777777778,0.7688888888888888,0.7533333333333333,0.7733333333333333,0.7377777777777778,0.7377777777777778,0.7866666666666666,0.7555555555555555,0.7488888888888889,0.7355555555555555,0.7755555555555556,0.7622222222222222,0.7244444444444444,0.7377777777777778,0.76,0.7533333333333333,0.7711111111111111,0.7244444444444444,0.7688888888888888,0.7155555555555555,0.76,0.7733333333333333,0.7577777777777778,0.7844444444444445,0.7466666666666667,0.7022222222222222,0.7311111111111112,0.7444444444444445,0.7311111111111112
99,SemgHandSubjectCh2,0.8866666666666667,0.9155555555555556,0.9244444444444444,0.9155555555555556,0.8933333333333333,0.9066666666666666,0.8866666666666667,0.92,0.9155555555555556,0.9133333333333332,0.9311111111111112,0.9177777777777778,0.9155555555555556,0.8777777777777778,0.8955555555555555,0.9222222222222224,0.8933333333333333,0.9022222222222224,0.8955555555555555,0.9177777777777778,0.9088888888888887,0.8755555555555555,0.9288888888888888,0.9222222222222224,0.9133333333333332,0.9022222222222224,0.9133333333333332,0.9111111111111112,0.8866666666666667,0.8777777777777778
100,ShakeGestureWiimoteZ,0.94,0.94,0.94,0.94,0.92,0.94,0.94,0.94,0.94,0.92,0.92,0.94,0.94,0.94,0.94,0.94,0.94,0.94,0.94,0.94,0.94,0.94,0.94,0.92,0.94,0.94,0.94,0.94,0.94,0.94
101,ShapeletSim,1.0,1.0,1.0,1.0,1.0,1.0,1.0,1.0,1.0,1.0,1.0,1.0,1.0,1.0,1.0,1.0,1.0,1.0,1.0,1.0,1.0,1.0,1.0,1.0,1.0,1.0,1.0,1.0,1.0,1.0
102,ShapesAll,0.9216666666666666,0.9283333333333332,0.9483333333333334,0.9516666666666668,0.9416666666666668,0.9533333333333334,0.9183333333333332,0.9466666666666668,0.95,0.925,0.9333333333333332,0.9283333333333332,0.9533333333333334,0.945,0.9333333333333332,0.9466666666666668,0.9416666666666668,0.9283333333333332,0.9416666666666668,0.94,0.9566666666666668,0.9466666666666668,0.94,0.9383333333333334,0.945,0.9483333333333334,0.9333333333333332,0.96,0.9266666666666666,0.9383333333333334
103,SmallKitchenAppliances,0.8106666666666666,0.8133333333333334,0.8346666666666667,0.824,0.8133333333333334,0.8293333333333334,0.8426666666666667,0.8186666666666667,0.8293333333333334,0.8346666666666667,0.8346666666666667,0.8346666666666667,0.792,0.8053333333333333,0.8293333333333334,0.8106666666666666,0.816,0.8053333333333333,0.8,0.7813333333333333,0.8,0.824,0.8213333333333334,0.8346666666666667,0.84,0.824,0.8346666666666667,0.8346666666666667,0.8053333333333333,0.8293333333333334
104,SmoothSubspace,0.9733333333333334,0.98,0.9866666666666668,0.98,0.9866666666666668,0.96,0.98,0.9666666666666668,0.9933333333333332,0.96,0.9933333333333332,0.9933333333333332,0.9733333333333334,0.9933333333333332,0.96,0.9933333333333332,0.9733333333333334,0.9933333333333332,0.9866666666666668,0.9666666666666668,0.9866666666666668,0.9933333333333332,0.9866666666666668,0.9466666666666668,0.9866666666666668,0.9933333333333332,0.9866666666666668,0.98,0.9666666666666668,0.9733333333333334
105,SonyAIBORobotSurface1,0.8901830282861897,0.9234608985024958,0.9550748752079868,0.8685524126455907,0.9450915141430948,0.9417637271214644,0.956738768718802,0.9484193011647256,0.9600665557404326,0.951747088186356,0.9317803660565724,0.966722129783694,0.9317803660565724,0.956738768718802,0.9700499168053244,0.9717138103161398,0.9733777038269552,0.940099833610649,0.951747088186356,0.9251247920133112,0.9534109816971714,0.9833610648918468,0.9584026622296172,0.9633943427620631,0.9550748752079868,0.961730449251248,0.956738768718802,0.9833610648918468,0.978369384359401,0.9217970049916804
106,SonyAIBORobotSurface2,0.9370409233997902,0.9401888772298006,0.9706190975865688,0.9433368310598113,0.949632738719832,0.9706190975865688,0.944386149003148,0.9475341028331584,0.9653725078698846,0.9580272822665268,0.9601259181532004,0.9286463798530956,0.950682056663169,0.9548793284365162,0.931794333683106,0.9611752360965372,0.9548793284365162,0.944386149003148,0.912906610703043,0.944386149003148,0.8793284365162645,0.9611752360965372,0.9296956977964324,0.9527806925498428,0.968520461699895,0.9401888772298006,0.962224554039874,0.9580272822665268,0.9401888772298006,0.9653725078698846
107,StarLightCurves,0.982030111704711,0.9787518212724624,0.9809373482272948,0.9813016027197669,0.9800874210781932,0.9793589120932492,0.9797231665857212,0.9832442933462846,0.982030111704711,0.98069451189898,0.9817872753763964,0.981665857212239,0.9811801845556096,0.9808159300631376,0.9821515298688684,0.9808159300631376,0.9793589120932492,0.9797231665857212,0.9814230208839242,0.9792374939290918,0.9811801845556096,0.982030111704711,0.981665857212239,0.9817872753763964,0.9811801845556096,0.9800874210781932,0.9810587663914522,0.9800874210781932,0.9813016027197669,0.982030111704711
108,Strawberry,0.972972972972973,0.9756756756756756,0.9756756756756756,0.9837837837837838,0.9675675675675676,0.9864864864864864,0.9756756756756756,0.9594594594594594,0.991891891891892,0.9756756756756756,0.972972972972973,0.9621621621621622,0.9783783783783784,0.9891891891891892,0.9783783783783784,0.991891891891892,0.9702702702702702,0.981081081081081,0.981081081081081,0.9864864864864864,0.9621621621621622,0.9783783783783784,0.981081081081081,0.9891891891891892,0.9891891891891892,0.9756756756756756,0.9702702702702702,0.9783783783783784,0.981081081081081,0.9864864864864864
109,SwedishLeaf,0.9776,0.96,0.9824,0.968,0.9744,0.9664,0.9712,0.9648,0.9728,0.9696,0.9632,0.9792,0.9728,0.9776,0.968,0.9744,0.9648,0.9568,0.9616,0.9552,0.9696,0.96,0.9728,0.9664,0.9712,0.9744,0.9696,0.9664,0.9696,0.9744
110,Symbols,0.9819095477386934,0.9819095477386934,0.9778894472361808,0.95678391959799,0.970854271356784,0.964824120603015,0.9527638190954774,0.9758793969849248,0.9698492462311558,0.9587939698492464,0.9778894472361808,0.978894472361809,0.9768844221105528,0.95678391959799,0.957788944723618,0.957788944723618,0.984924623115578,0.9809045226130654,0.9829145728643216,0.9748743718592964,0.9748743718592964,0.9738693467336684,0.963819095477387,0.9698492462311558,0.9748743718592964,0.9758793969849248,0.9738693467336684,0.978894472361809,0.9839195979899498,0.9839195979899498
111,SyntheticControl,0.9933333333333332,0.9933333333333332,0.9966666666666668,0.9933333333333332,0.9966666666666668,1.0,0.99,0.9933333333333332,0.99,0.9933333333333332,0.9966666666666668,0.9966666666666668,0.99,0.9933333333333332,0.9966666666666668,0.9933333333333332,0.9966666666666668,0.9833333333333332,0.9966666666666668,0.9933333333333332,0.99,0.9933333333333332,0.9966666666666668,0.9966666666666668,0.99,0.99,0.9933333333333332,0.9866666666666668,0.9933333333333332,0.9866666666666668
112,ToeSegmentation1,0.9517543859649122,0.9078947368421052,0.9078947368421052,0.9342105263157896,0.9473684210526316,0.9166666666666666,0.9473684210526316,0.9473684210526316,0.9473684210526316,0.912280701754386,0.9473684210526316,0.9210526315789472,0.9385964912280702,0.912280701754386,0.9210526315789472,0.9385964912280702,0.912280701754386,0.925438596491228,0.8991228070175439,0.925438596491228,0.8991228070175439,0.9035087719298246,0.9166666666666666,0.912280701754386,0.9035087719298246,0.9429824561403508,0.9473684210526316,0.9298245614035088,0.9385964912280702,0.8991228070175439
113,ToeSegmentation2,0.9076923076923076,0.946153846153846,0.946153846153846,0.9384615384615383,0.9692307692307692,0.9076923076923076,0.953846153846154,0.8846153846153846,0.9076923076923076,0.953846153846154,0.9153846153846154,0.9,0.8846153846153846,0.9615384615384616,0.9384615384615383,0.9615384615384616,0.9153846153846154,0.9384615384615383,0.9384615384615383,0.946153846153846,0.9769230769230768,0.9153846153846154,0.9153846153846154,0.9076923076923076,0.946153846153846,0.946153846153846,0.953846153846154,0.953846153846154,0.946153846153846,0.9
114,Trace,1.0,1.0,1.0,1.0,1.0,1.0,1.0,1.0,1.0,1.0,1.0,1.0,1.0,1.0,1.0,1.0,1.0,1.0,1.0,1.0,1.0,1.0,1.0,1.0,1.0,1.0,1.0,1.0,1.0,1.0
115,TwoLeadECG,0.9982440737489026,0.9982440737489026,0.9973661106233538,0.9920983318700616,0.9991220368744512,0.9982440737489026,0.9982440737489026,0.9964881474978052,0.9947322212467076,1.0,0.9991220368744512,0.9982440737489026,1.0,0.9982440737489026,0.9991220368744512,0.9973661106233538,0.9964881474978052,0.9991220368744512,0.9982440737489026,0.9991220368744512,0.9956101843722563,0.9982440737489026,1.0,0.9982440737489026,0.9982440737489026,0.9973661106233538,0.9982440737489026,0.9973661106233538,0.9973661106233538,0.9991220368744512
116,TwoPatterns,1.0,1.0,1.0,1.0,1.0,0.99975,1.0,1.0,1.0,1.0,1.0,1.0,1.0,1.0,1.0,1.0,1.0,1.0,1.0,1.0,1.0,1.0,1.0,1.0,1.0,1.0,1.0,1.0,1.0,1.0
117,UMD,0.9930555555555556,0.9791666666666666,0.9930555555555556,0.9930555555555556,0.9930555555555556,0.9444444444444444,0.9583333333333334,0.9930555555555556,0.9861111111111112,0.9930555555555556,0.9930555555555556,0.9930555555555556,0.9930555555555556,0.9583333333333334,0.9305555555555556,0.9930555555555556,0.9930555555555556,0.9930555555555556,1.0,0.9930555555555556,0.9930555555555556,0.9861111111111112,0.9930555555555556,1.0,0.9930555555555556,1.0,0.9722222222222222,0.9930555555555556,0.9861111111111112,0.9375
118,UWaveGestureLibraryAll,0.9782244556113904,0.981574539363484,0.9826912339475152,0.9796203238414294,0.9838079285315466,0.98464544946957,0.984924623115578,0.9812953657174762,0.9812953657174762,0.9843662758235624,0.9838079285315466,0.9843662758235624,0.9826912339475152,0.9843662758235624,0.981853713009492,0.981574539363484,0.984924623115578,0.9843662758235624,0.984924623115578,0.9857621440536012,0.9804578447794527,0.98464544946957,0.9888330541596874,0.980178671133445,0.9829704075935232,0.9854829704075936,0.9874371859296482,0.980178671133445,0.9838079285315466,0.9821328866554996
119,UWaveGestureLibraryX,0.8623673925181463,0.8620882188721385,0.871859296482412,0.8542713567839196,0.8685092127303182,0.867392518146287,0.8626465661641541,0.8659966499162479,0.8648799553322166,0.8657174762702401,0.8710217755443886,0.8651591289782244,0.8671133445002792,0.879676158570631,0.8581797878280291,0.8609715242881072,0.8701842546063652,0.8634840871021775,0.8626465661641541,0.868788386376326,0.8620882188721385,0.8690675600223339,0.8679508654383026,0.8601340033500837,0.8752093802345059,0.8707426018983808,0.8738135120044668,0.8662758235622557,0.8701842546063652,0.862925739810162
120,UWaveGestureLibraryY,0.7945281965382468,0.7867113344500279,0.7892238972640983,0.7822445561139029,0.8042992741485204,0.8006700167504187,0.7964824120603015,0.7984366275823562,0.8087660524846455,0.8059743160245673,0.7903405918481295,0.7973199329983249,0.8006700167504187,0.7984366275823562,0.7967615857063093,0.7973199329983249,0.80178671133445,0.798715801228364,0.8001116694584032,0.798715801228364,0.7992741485203797,0.7967615857063093,0.7903405918481295,0.7844779452819653,0.800390843104411,0.7931323283082077,0.7981574539363484,0.8006700167504187,0.8012283640424344,0.7989949748743719
121,UWaveGestureLibraryZ,0.8123953098827471,0.807928531546622,0.8252372975991067,0.8012283640424344,0.8210496929089894,0.8118369625907315,0.8087660524846455,0.8213288665549973,0.8015075376884422,0.8020658849804578,0.8151870463428252,0.807928531546622,0.8112786152987158,0.8037409268565048,0.8029034059184813,0.8154662199888331,0.8163037409268565,0.8123953098827471,0.8104410943606923,0.804857621440536,0.8207705192629816,0.8087660524846455,0.8031825795644891,0.807928531546622,0.8012283640424344,0.8045784477945283,0.8026242322724735,0.8062534896705751,0.8151870463428252,0.8104410943606923
122,Wafer,0.999675535366645,1.0,1.0,0.999675535366645,0.9991888384166124,0.9998377676833226,0.999675535366645,0.9995133030499675,1.0,0.9990266060999352,0.9998377676833226,1.0,0.99935107073329,1.0,0.999675535366645,0.999675535366645,0.99935107073329,0.9990266060999352,1.0,0.9995133030499675,0.9995133030499675,0.9998377676833226,0.9998377676833226,0.999675535366645,1.0,1.0,0.9998377676833226,0.999675535366645,0.9991888384166124,0.999675535366645
123,Wine,0.7962962962962963,0.9444444444444444,0.9629629629629628,0.8888888888888888,0.925925925925926,0.9814814814814816,0.8888888888888888,1.0,0.8333333333333334,0.9814814814814816,0.9814814814814816,0.8703703703703703,0.8518518518518519,1.0,0.925925925925926,0.9444444444444444,0.9074074074074074,0.9444444444444444,0.925925925925926,0.9444444444444444,0.9074074074074074,0.8518518518518519,0.9444444444444444,0.9444444444444444,0.9814814814814816,0.9444444444444444,1.0,0.8333333333333334,0.9444444444444444,0.9444444444444444
124,WordSynonyms,0.7695924764890282,0.7695924764890282,0.7523510971786834,0.7727272727272727,0.786833855799373,0.7758620689655172,0.7727272727272727,0.7664576802507836,0.768025078369906,0.7899686520376176,0.7507836990595611,0.768025078369906,0.7946708463949843,0.7789968652037618,0.7648902821316614,0.7758620689655172,0.7382445141065831,0.7899686520376176,0.7727272727272727,0.780564263322884,0.7884012539184952,0.7821316614420063,0.7633228840125392,0.774294670846395,0.7633228840125392,0.7711598746081505,0.768025078369906,0.768025078369906,0.7758620689655172,0.7711598746081505
125,Worms,0.7662337662337663,0.7142857142857143,0.6883116883116883,0.8051948051948052,0.6883116883116883,0.7532467532467533,0.8181818181818182,0.7402597402597403,0.7402597402597403,0.6493506493506493,0.7402597402597403,0.6883116883116883,0.7662337662337663,0.7792207792207793,0.7142857142857143,0.7012987012987013,0.7012987012987013,0.7012987012987013,0.7662337662337663,0.7142857142857143,0.7532467532467533,0.6883116883116883,0.7142857142857143,0.7272727272727273,0.7142857142857143,0.7792207792207793,0.6623376623376623,0.6363636363636364,0.7792207792207793,0.7792207792207793
126,WormsTwoClass,0.7792207792207793,0.8441558441558441,0.7792207792207793,0.8051948051948052,0.8051948051948052,0.7792207792207793,0.7532467532467533,0.8441558441558441,0.7792207792207793,0.7532467532467533,0.8181818181818182,0.7402597402597403,0.7532467532467533,0.7402597402597403,0.7922077922077922,0.7662337662337663,0.8051948051948052,0.7792207792207793,0.8831168831168831,0.7922077922077922,0.7792207792207793,0.7662337662337663,0.8441558441558441,0.8181818181818182,0.8311688311688312,0.8831168831168831,0.8051948051948052,0.7792207792207793,0.8181818181818182,0.8311688311688312
127,Yoga,0.9143333333333332,0.924,0.921,0.9356666666666666,0.9173333333333332,0.9303333333333332,0.9276666666666666,0.9256666666666666,0.9186666666666666,0.9306666666666666,0.9336666666666666,0.907,0.9256666666666666,0.922,0.9203333333333332,0.9136666666666666,0.9256666666666666,0.9246666666666666,0.932,0.929,0.9373333333333334,0.9306666666666666,0.9296666666666666,0.9163333333333332,0.9313333333333332,0.9243333333333332,0.9173333333333332,0.937,0.9313333333333332,0.9186666666666666
